# Topic word lists, German — hand-written, edit directly.
# Columns (tab-separated): word (nouns with der / die / das)	gender and plural (nouns only: "m. · Pl. Tische"; a noun used only in the singular or plural has just its gender)	meaning (zh-TW)	meaning (en)
# "## <topic id>" starts a topic; order inside a topic = easy first.

## greetings
Hallo		你好；嗨	hello
Guten Morgen		早安	good morning
Guten Tag		你好；日安	good day; hello
Guten Abend		晚上好	good evening
Gute Nacht		晚安	good night
Tschüss		掰掰	bye
Auf Wiedersehen		再見	goodbye
Bis bald		回頭見	see you soon
Bis morgen		明天見	see you tomorrow
Bis später		待會見	see you later
danke		謝謝	thanks
Danke schön		非常感謝	thank you very much
bitte		請；不客氣	please; you're welcome
Entschuldigung		不好意思；對不起	excuse me; sorry
Es tut mir leid		我很抱歉	I'm sorry
ja		是；對	yes
nein		不；不是	no
Wie geht's?		你好嗎？	how are you?
Wie geht es Ihnen?		您好嗎？	how are you? (formal)
gut		好	good; well
sehr gut		很好	very good
schlecht		不好	bad
Freut mich		很高興認識你	pleased to meet you
Willkommen		歡迎	welcome
Wie heißt du?		你叫什麼名字？	what's your name?
ich heiße		我叫…	my name is
der Name	m. · Pl. Namen	名字	name
Herr		先生	Mr
Frau		太太；女士	Mrs; Ms
der Freund	m. · Pl. Freunde	朋友；男朋友	friend; boyfriend
die Freundin	f. · Pl. Freundinnen	朋友（女）；女朋友	friend (female); girlfriend
du		你（對熟人）	you (informal)
Sie		您	you (formal)
okay		好；OK	OK
natürlich		當然	of course
Herzlichen Glückwunsch!		恭喜！	congratulations!
Gute Reise!		一路順風！	have a good trip!
Prost!		乾杯！	cheers!
Gesundheit!		（打噴嚏時）保重！	bless you!
Viel Glück!		祝好運！	good luck!

## food
das Frühstück	n. · Pl. Frühstücke	早餐	breakfast
das Mittagessen	n. · Pl. Mittagessen	午餐	lunch
das Abendessen	n. · Pl. Abendessen	晚餐	dinner
essen		吃	to eat
trinken		喝	to drink
das Wasser	n. · Pl. Wasser	水	water
der Tee	m. · Pl. Tees	茶	tea
die Milch	f.	牛奶	milk
der Kaffee	m. · Pl. Kaffees	咖啡	coffee
der Saft	m. · Pl. Säfte	果汁	juice
das Brot	n. · Pl. Brote	麵包	bread
das Brötchen	n. · Pl. Brötchen	小圓麵包	bread roll
der Reis	m.	米飯	rice
die Nudeln	Pl.	麵條	noodles
das Fleisch	n.	肉	meat
das Hähnchen	n. · Pl. Hähnchen	雞肉	chicken
das Rindfleisch	n.	牛肉	beef
das Schweinefleisch	n.	豬肉	pork
der Fisch	m. · Pl. Fische	魚	fish
das Gemüse	n. · Pl. Gemüse	蔬菜	vegetables
das Obst	n.	水果	fruit
das Ei	n. · Pl. Eier	蛋	egg
die Suppe	f. · Pl. Suppen	湯	soup
der Nachtisch	m. · Pl. Nachtische	甜點	dessert
der Käse	m. · Pl. Käse	起司	cheese
die Wurst	f. · Pl. Würste	香腸	sausage
der Löffel	m. · Pl. Löffel	湯匙	spoon
die Gabel	f. · Pl. Gabeln	叉子	fork
das Messer	n. · Pl. Messer	刀子	knife
der Teller	m. · Pl. Teller	盤子	plate
die Tasse	f. · Pl. Tassen	杯子（有把手）	cup
das Glas	n. · Pl. Gläser	玻璃杯	glass
lecker		好吃的	tasty
süß		甜的	sweet
scharf		辣的	spicy
salzig		鹹的	salty
Hunger haben		肚子餓	to be hungry
das Restaurant	n. · Pl. Restaurants	餐廳	restaurant
die Speisekarte	f. · Pl. Speisekarten	菜單	menu
bestellen		點（餐）；訂購	to order

## home
das Haus	n. · Pl. Häuser	房子	house
die Wohnung	f. · Pl. Wohnungen	公寓	flat; apartment
das Zimmer	n. · Pl. Zimmer	房間	room
das Schlafzimmer	n. · Pl. Schlafzimmer	臥室	bedroom
die Küche	f. · Pl. Küchen	廚房	kitchen
das Bad	n. · Pl. Bäder	浴室	bathroom
die Toilette	f. · Pl. Toiletten	廁所	toilet
das Wohnzimmer	n. · Pl. Wohnzimmer	客廳	living room
die Tür	f. · Pl. Türen	門	door
das Fenster	n. · Pl. Fenster	窗戶	window
der Tisch	m. · Pl. Tische	桌子	table
der Stuhl	m. · Pl. Stühle	椅子	chair
das Bett	n. · Pl. Betten	床	bed
das Sofa	n. · Pl. Sofas	沙發	sofa
der Schrank	m. · Pl. Schränke	櫃子；衣櫃	cupboard; wardrobe
die Lampe	f. · Pl. Lampen	燈	lamp
das Licht	n. · Pl. Lichter	燈；光	light
der Fernseher	m. · Pl. Fernseher	電視	television
der Computer	m. · Pl. Computer	電腦	computer
das Handy	n. · Pl. Handys	手機	mobile phone
der Schlüssel	m. · Pl. Schlüssel	鑰匙	key
der Spiegel	m. · Pl. Spiegel	鏡子	mirror
die Dusche	f. · Pl. Duschen	淋浴	shower
der Garten	m. · Pl. Gärten	花園	garden
die Treppe	f. · Pl. Treppen	樓梯	stairs
die Wand	f. · Pl. Wände	牆壁	wall
der Boden	m. · Pl. Böden	地板	floor
die Decke	f. · Pl. Decken	天花板；毯子	ceiling; blanket
der Kühlschrank	m. · Pl. Kühlschränke	冰箱	fridge
die Waschmaschine	f. · Pl. Waschmaschinen	洗衣機	washing machine
schlafen		睡覺	to sleep
aufwachen		醒來	to wake up
aufstehen		起床	to get up
waschen		洗	to wash
putzen		打掃	to clean
kochen		做菜	to cook
öffnen		打開	to open
schließen		關上	to close
wohnen		住	to live (somewhere)
der Nachbar	m. · Pl. Nachbarn	鄰居	neighbour

## shopping
kaufen		買	to buy
verkaufen		賣	to sell
das Geschäft	n. · Pl. Geschäfte	商店	shop
der Supermarkt	m. · Pl. Supermärkte	超市	supermarket
der Markt	m. · Pl. Märkte	市場	market
das Geld	n. · Pl. Gelder	錢	money
der Preis	m. · Pl. Preise	價格	price
teuer		貴的	expensive
billig		便宜的	cheap
Was kostet das?		這個多少錢？	how much is it?
bezahlen		付錢	to pay
die Karte	f. · Pl. Karten	卡片	card
bar		用現金	in cash
der Euro	m. · Pl. Euros	歐元	euro
das Wechselgeld	n.	找零	change
die Quittung	f. · Pl. Quittungen	收據	receipt
die Tüte	f. · Pl. Tüten	袋子	bag
die Kleidung	f.	衣服	clothes
das Hemd	n. · Pl. Hemden	襯衫	shirt
das T-Shirt	n. · Pl. T-Shirts	T恤	T-shirt
die Hose	f. · Pl. Hosen	褲子	trousers
der Rock	m. · Pl. Röcke	裙子	skirt
das Kleid	n. · Pl. Kleider	洋裝	dress
die Jacke	f. · Pl. Jacken	外套	jacket
der Mantel	m. · Pl. Mäntel	大衣	coat
der Schuh	m. · Pl. Schuhe	鞋子	shoe
die Größe	f. · Pl. Größen	尺寸	size
groß		大的	big
klein		小的	small
anprobieren		試穿	to try on
die Umkleidekabine	f. · Pl. Umkleidekabinen	試衣間	fitting room
das Angebot	n. · Pl. Angebote	特價；優惠	special offer
geöffnet		營業中	open
geschlossen		打烊	closed
das Geschenk	n. · Pl. Geschenke	禮物	present
der Kunde	m. · Pl. Kunden	顧客	customer
der Verkäufer	m. · Pl. Verkäufer	店員	shop assistant
die Kasse	f. · Pl. Kassen	收銀台	checkout
umtauschen		換貨	to exchange
suchen		找	to look for

## transport
das Auto	n. · Pl. Autos	汽車	car
der Bus	m. · Pl. Busse	公車	bus
der Zug	m. · Pl. Züge	火車	train
die U-Bahn	f. · Pl. U-Bahnen	地鐵	underground; subway
die Straßenbahn	f. · Pl. Straßenbahnen	路面電車	tram
das Taxi	n. · Pl. Taxis	計程車	taxi
das Flugzeug	n. · Pl. Flugzeuge	飛機	plane
das Schiff	n. · Pl. Schiffe	船	ship
das Fahrrad	n. · Pl. Fahrräder	腳踏車	bicycle
zu Fuß		走路	on foot
der Bahnhof	m. · Pl. Bahnhöfe	火車站	train station
die Haltestelle	f. · Pl. Haltestellen	站牌；停靠站	stop
der Flughafen	m. · Pl. Flughäfen	機場	airport
die Fahrkarte	f. · Pl. Fahrkarten	車票	ticket
das Gleis	n. · Pl. Gleise	月台；軌道	platform; track
die Abfahrt	f. · Pl. Abfahrten	出發	departure
die Ankunft	f. · Pl. Ankünfte	抵達	arrival
der Fahrplan	m. · Pl. Fahrpläne	時刻表	timetable
die Verspätung	f. · Pl. Verspätungen	誤點	delay
fahren		搭（車）；開（車）	to go (by vehicle); to drive
einsteigen		上車	to get on
aussteigen		下車	to get off
umsteigen		轉車	to change (trains)
fliegen		飛；搭飛機	to fly
gehen		走；去	to go; to walk
die Straße	f. · Pl. Straßen	街道；馬路	street; road
die Autobahn	f. · Pl. Autobahnen	高速公路	motorway
die Ampel	f. · Pl. Ampeln	紅綠燈	traffic lights
die Kreuzung	f. · Pl. Kreuzungen	十字路口	crossroads
rechts		右邊	right
links		左邊	left
geradeaus		直走	straight on
nah		近的	near
weit		遠的	far
schnell		快的	fast
langsam		慢的	slow
der Stadtplan	m. · Pl. Stadtpläne	市區地圖	city map
der Parkplatz	m. · Pl. Parkplätze	停車場；停車位	car park; parking space
der Stau	m. · Pl. Staus	塞車	traffic jam
der Fahrer	m. · Pl. Fahrer	司機	driver

## travel
reisen		旅行	to travel
die Reise	f. · Pl. Reisen	旅行	trip; journey
der Urlaub	m. · Pl. Urlaube	假期；休假	holiday
das Hotel	n. · Pl. Hotels	飯店	hotel
die Reservierung	f. · Pl. Reservierungen	預約；訂位	booking
reservieren		預訂	to book
der Koffer	m. · Pl. Koffer	行李箱	suitcase
der Reisepass	m. · Pl. Reisepässe	護照	passport
das Visum	n. · Pl. Visa	簽證	visa
der Tourist	m. · Pl. Touristen	觀光客	tourist
die Touristeninformation	f. · Pl. Touristeninformationen	旅遊服務中心	tourist information
das Museum	n. · Pl. Museen	博物館	museum
der Strand	m. · Pl. Strände	海灘	beach
das Meer	n. · Pl. Meere	海	sea
der Berg	m. · Pl. Berge	山	mountain
der Fluss	m. · Pl. Flüsse	河	river
die Stadt	f. · Pl. Städte	城市	city; town
das Dorf	n. · Pl. Dörfer	村莊	village
das Land	n. · Pl. Länder	國家；鄉下	country; countryside
das Ausland	n.	國外	abroad
das Foto	n. · Pl. Fotos	照片	photo
das Andenken	n. · Pl. Andenken	紀念品	souvenir
besichtigen		參觀	to visit (a sight)
die Kirche	f. · Pl. Kirchen	教堂	church
das Schloss	n. · Pl. Schlösser	城堡；鎖	castle; lock
der Platz	m. · Pl. Plätze	廣場；位子	square; seat
das Denkmal	n. · Pl. Denkmäler	紀念碑；古蹟	monument
die Eintrittskarte	f. · Pl. Eintrittskarten	門票	admission ticket
das Doppelzimmer	n. · Pl. Doppelzimmer	雙人房	double room
das Einzelzimmer	n. · Pl. Einzelzimmer	單人房	single room
die Unterkunft	f. · Pl. Unterkünfte	住宿	accommodation
der Reiseführer	m. · Pl. Reiseführer	導遊；旅遊指南	guide; guidebook
sich verlaufen		迷路	to get lost
fragen		問	to ask
Wo ist …?		…在哪裡？	where is…?
der Weg	m. · Pl. Wege	路	way; path
der Norden	m.	北	north
der Süden	m.	南	south
der Osten	m.	東	east
der Westen	m.	西	west

## weather
das Wetter	n.	天氣	weather
Die Sonne scheint		出太陽	the sun is shining
Es ist heiß		天氣熱	it's hot
Es ist kalt		天氣冷	it's cold
Es ist windig		颳風	it's windy
regnen		下雨	to rain
der Regen	m.	雨	rain
schneien		下雪	to snow
der Schnee	m.	雪	snow
die Sonne	f.	太陽	sun
die Wolke	f. · Pl. Wolken	雲	cloud
bewölkt		多雲的	cloudy
der Wind	m. · Pl. Winde	風	wind
das Gewitter	n. · Pl. Gewitter	雷雨	thunderstorm
der Donner	m.	雷聲	thunder
der Nebel	m.	霧	fog
der Regenschirm	m. · Pl. Regenschirme	雨傘	umbrella
die Temperatur	f. · Pl. Temperaturen	溫度	temperature
das Grad	n. · Pl. Grad	度	degree
warm		溫暖的	warm
kalt		冷的	cold
kühl		涼的	cool
feucht		潮濕的	humid
trocken		乾燥的	dry
der Frühling	m.	春天	spring
der Sommer	m.	夏天	summer
der Herbst	m.	秋天	autumn
der Winter	m.	冬天	winter
die Jahreszeit	f. · Pl. Jahreszeiten	季節	season
der Himmel	m.	天空	sky
der Regenbogen	m. · Pl. Regenbögen	彩虹	rainbow
die Wettervorhersage	f. · Pl. Wettervorhersagen	天氣預報	weather forecast
der Taifun	m. · Pl. Taifune	颱風	typhoon
das Erdbeben	n. · Pl. Erdbeben	地震	earthquake
nass		濕的	wet
das Klima	n.	氣候	climate
die Hitze	f.	炎熱	heat
sonnig		晴朗的	sunny
Es regnet		在下雨	it's raining
Es schneit		在下雪	it's snowing

## school
die Schule	f. · Pl. Schulen	學校	school
die Universität	f. · Pl. Universitäten	大學	university
die Klasse	f. · Pl. Klassen	班級；年級	class; year
der Unterricht	m.	上課	lessons
der Lehrer	m. · Pl. Lehrer	老師（男）	teacher (male)
die Lehrerin	f. · Pl. Lehrerinnen	老師（女）	teacher (female)
der Student	m. · Pl. Studenten	大學生	student
der Schüler	m. · Pl. Schüler	學生（中小學）	pupil
lernen		學習；讀書	to learn; to study
studieren		讀大學；研讀	to study (at university)
lehren		教	to teach
das Buch	n. · Pl. Bücher	書	book
das Heft	n. · Pl. Hefte	筆記本	exercise book
der Kugelschreiber	m. · Pl. Kugelschreiber	原子筆	ballpoint pen
der Bleistift	m. · Pl. Bleistifte	鉛筆	pencil
der Radiergummi	m. · Pl. Radiergummis	橡皮擦	rubber; eraser
der Rucksack	m. · Pl. Rucksäcke	背包	backpack
die Tafel	f. · Pl. Tafeln	黑板	blackboard
das Wörterbuch	n. · Pl. Wörterbücher	字典	dictionary
die Frage	f. · Pl. Fragen	問題（提問）	question
die Antwort	f. · Pl. Antworten	回答	answer
die Prüfung	f. · Pl. Prüfungen	考試	exam
die Hausaufgabe	f. · Pl. Hausaufgaben	作業	homework
die Note	f. · Pl. Noten	成績	mark; grade
bestehen		通過（考試）	to pass
durchfallen		不及格	to fail
lesen		讀	to read
schreiben		寫	to write
hören		聽	to listen; to hear
sprechen		說	to speak
wiederholen		重複；複習	to repeat; to revise
verstehen		懂	to understand
die Sprache	f. · Pl. Sprachen	語言	language
das Wort	n. · Pl. Wörter	字；單字	word
der Satz	m. · Pl. Sätze	句子	sentence
die Übung	f. · Pl. Übungen	練習	exercise
die Bibliothek	f. · Pl. Bibliotheken	圖書館	library
die Pause	f. · Pl. Pausen	下課；休息	break
schwierig		難的	difficult
einfach		簡單的	easy

## work
die Arbeit	f. · Pl. Arbeiten	工作	work
arbeiten		工作	to work
der Beruf	m. · Pl. Berufe	職業	occupation
das Büro	n. · Pl. Büros	辦公室	office
die Firma	f. · Pl. Firmen	公司	company
der Chef	m. · Pl. Chefs	老闆；上司	boss
der Kollege	m. · Pl. Kollegen	同事	colleague
der Mitarbeiter	m. · Pl. Mitarbeiter	員工	employee
die Besprechung	f. · Pl. Besprechungen	會議	meeting
der Laptop	m. · Pl. Laptops	筆記型電腦	laptop
die E-Mail	f. · Pl. E-Mails	電子郵件	email
die Arbeitszeit	f. · Pl. Arbeitszeiten	上班時間	working hours
das Gehalt	n. · Pl. Gehälter	薪水	salary
das Vorstellungsgespräch	n. · Pl. Vorstellungsgespräche	面試	job interview
der Lebenslauf	m. · Pl. Lebensläufe	履歷	CV
sich bewerben		應徵	to apply (for a job)
der Kunde	m. · Pl. Kunden	客戶	client
das Projekt	n. · Pl. Projekte	計畫；專案	project
der Bericht	m. · Pl. Berichte	報告	report
der Anruf	m. · Pl. Anrufe	來電；通話	phone call
anrufen		打電話	to call
schicken		寄；傳送	to send
fertig		完成的	finished
anfangen		開始	to start
beschäftigt		忙的	busy
frei		有空的；自由的	free
die Überstunden	Pl.	加班	overtime
der Arzt	m. · Pl. Ärzte	醫生	doctor
der Krankenpfleger	m. · Pl. Krankenpfleger	護理師	nurse
der Anwalt	m. · Pl. Anwälte	律師	lawyer
der Ingenieur	m. · Pl. Ingenieure	工程師	engineer
der Koch	m. · Pl. Köche	廚師	cook
der Kellner	m. · Pl. Kellner	服務生	waiter
der Polizist	m. · Pl. Polizisten	警察	police officer
der Beamte	m. · Pl. Beamten	公務員	civil servant
die Rente	f. · Pl. Renten	退休金；退休	pension; retirement
der Vertrag	m. · Pl. Verträge	合約	contract
unterschreiben		簽名	to sign
der Feierabend	m. · Pl. Feierabende	下班時間	end of the working day
der Erfolg	m. · Pl. Erfolge	成功	success

## health
die Gesundheit	f.	健康	health
der Körper	m. · Pl. Körper	身體	body
der Kopf	m. · Pl. Köpfe	頭	head
das Auge	n. · Pl. Augen	眼睛	eye
das Ohr	n. · Pl. Ohren	耳朵	ear
die Nase	f. · Pl. Nasen	鼻子	nose
der Mund	m. · Pl. Münder	嘴巴	mouth
der Zahn	m. · Pl. Zähne	牙齒	tooth
der Hals	m. · Pl. Hälse	喉嚨；脖子	throat; neck
der Arm	m. · Pl. Arme	手臂	arm
die Hand	f. · Pl. Hände	手	hand
das Bein	n. · Pl. Beine	腿	leg
der Fuß	m. · Pl. Füße	腳	foot
der Rücken	m. · Pl. Rücken	背	back
der Bauch	m. · Pl. Bäuche	肚子	belly
das Herz	n. · Pl. Herzen	心臟	heart
krank		生病的	ill
müde		累的	tired
der Schmerz	m. · Pl. Schmerzen	痛	pain
wehtun		痛	to hurt
das Fieber	n.	發燒	fever
der Husten	m.	咳嗽	cough
die Erkältung	f. · Pl. Erkältungen	感冒	cold
die Grippe	f.	流感	flu
der Arzt	m. · Pl. Ärzte	醫生	doctor
das Krankenhaus	n. · Pl. Krankenhäuser	醫院	hospital
die Apotheke	f. · Pl. Apotheken	藥局	pharmacy
das Medikament	n. · Pl. Medikamente	藥	medicine
die Tablette	f. · Pl. Tabletten	藥丸	tablet
das Rezept	n. · Pl. Rezepte	處方；食譜	prescription; recipe
der Termin	m. · Pl. Termine	預約	appointment
der Krankenwagen	m. · Pl. Krankenwagen	救護車	ambulance
der Notfall	m. · Pl. Notfälle	緊急情況	emergency
sich ausruhen		休息	to rest
gesund werden		康復	to get better
die Krankenversicherung	f. · Pl. Krankenversicherungen	健康保險	health insurance
Sport machen		運動	to do sport
gesund		健康的	healthy
die Allergie	f. · Pl. Allergien	過敏	allergy
Gute Besserung!		早日康復！	get well soon!
