# Topic word lists, English — hand-written, edit directly.
# Columns (tab-separated): word	reading (unused)	meaning (zh-TW, part of speech first)	meaning (en, unused)
# "## <topic id>" starts a topic; order inside a topic = easy first.

## greetings
hello		int. 你好
hi		int. 嗨
good morning		phr. 早安
good afternoon		phr. 午安
good evening		phr. 晚上好
good night		phr. 晚安
goodbye		int. 再見
bye		int. 掰掰
see you later		phr. 待會見
thank you		phr. 謝謝
thanks		int. 謝了
you're welcome		phr. 不客氣
sorry		adj. 對不起
excuse me		phr. 不好意思；借過
please		adv. 請
yes		adv. 是
no		adv. 不
nice to meet you		phr. 很高興認識你
how are you?		phr. 你好嗎？
I'm fine		phr. 我很好
long time no see		phr. 好久不見
welcome		int. 歡迎
congratulations		int. 恭喜
happy birthday		phr. 生日快樂
good luck		phr. 祝好運
take care		phr. 保重
have a nice day		phr. 祝你有美好的一天
no problem		phr. 沒問題
of course		phr. 當然
I see		phr. 我懂了
pardon?		int. 請再說一次
name		n. 名字
friend		n. 朋友
Mr.		n. 先生（稱謂）
Ms.		n. 女士（稱謂）
nice		adj. 好的；友善的
okay		adj. 好；沒問題
cheers		int. 乾杯；謝啦
see you tomorrow		phr. 明天見
what's up?		phr. 最近怎樣？

## food
breakfast		n. 早餐
lunch		n. 午餐
dinner		n. 晚餐
eat		v. 吃
drink		v. 喝
water		n. 水
tea		n. 茶
milk		n. 牛奶
coffee		n. 咖啡
juice		n. 果汁
bread		n. 麵包
rice		n. 米飯
noodles		n. 麵
meat		n. 肉
chicken		n. 雞肉；雞
beef		n. 牛肉
pork		n. 豬肉
fish		n. 魚
vegetable		n. 蔬菜
fruit		n. 水果
egg		n. 蛋
soup		n. 湯
dessert		n. 甜點
chopsticks		n. 筷子
spoon		n. 湯匙
fork		n. 叉子
plate		n. 盤子
cup		n. 杯子
delicious		adj. 美味的
sweet		adj. 甜的
spicy		adj. 辣的
salty		adj. 鹹的
hungry		adj. 餓的
full		adj. 飽的
restaurant		n. 餐廳
menu		n. 菜單
order		v. 點（餐）
bill		n. 帳單
cook		v. 煮；做菜
snack		n. 點心；零食

## home
house		n. 房子
home		n. 家
room		n. 房間
bedroom		n. 臥室
kitchen		n. 廚房
bathroom		n. 浴室；廁所
living room		n. 客廳
bed		n. 床
desk		n. 書桌
chair		n. 椅子
sofa		n. 沙發
window		n. 窗戶
door		n. 門
key		n. 鑰匙
television		n. 電視
fridge		n. 冰箱
laundry		n. 要洗的衣服；洗衣
clean		v. 打掃
sleep		v. 睡覺
get up		phr. 起床
shower		n. 淋浴
brush one's teeth		phr. 刷牙
wear		v. 穿；戴
clothes		n. 衣服
shoes		n. 鞋子
light		n. 燈；光
turn on		phr. 打開（電器）
turn off		phr. 關掉
trash		n. 垃圾
throw away		phr. 丟掉
family		n. 家人；家庭
father		n. 父親
mother		n. 母親
brother		n. 兄弟
sister		n. 姊妹
live		v. 住；生活
neighbor		n. 鄰居
every day		phr. 每天
phone		n. 電話；手機
umbrella		n. 雨傘

## shopping
buy		v. 買
sell		v. 賣
shop		n. 商店
store		n. 商店
money		n. 錢
dollar		n. 元；美元
how much		phr. 多少錢
price		n. 價格
expensive		adj. 昂貴的
cheap		adj. 便宜的
wallet		n. 錢包
cash		n. 現金
credit card		n. 信用卡
change		n. 零錢；找的錢
receipt		n. 收據
bag		n. 袋子；包包
supermarket		n. 超市
convenience store		n. 便利商店
department store		n. 百貨公司
market		n. 市場
sale		n. 特價；拍賣
discount		n. 折扣
size		n. 尺寸
color		n. 顏色
big		adj. 大的
small		adj. 小的
try on		phr. 試穿
pay		v. 付錢
customer		n. 顧客
cashier		n. 收銀員
look for		phr. 尋找
choose		v. 選擇
return		v. 退（貨）；歸還
refund		n. 退款
new		adj. 新的
gift		n. 禮物
souvenir		n. 紀念品
free		adj. 免費的；自由的
open		adj. 營業中的；開著的
closed		adj. 打烊的；關著的

## transport
bus		n. 公車
bus stop		n. 公車站
train		n. 火車；列車
station		n. 車站
subway		n. 地鐵
MRT		n. 捷運
taxi		n. 計程車
car		n. 汽車
bicycle		n. 腳踏車
motorcycle		n. 機車
airplane		n. 飛機
airport		n. 機場
walk		v. 走路
ride		v. 騎；搭乘
get on		phr. 上（車）
get off		phr. 下（車）
transfer		v. 轉乘
ticket		n. 票
platform		n. 月台
exit		n. 出口
entrance		n. 入口
left		n. 左邊
right		n. 右邊
straight		adv. 直直地
turn		v. 轉彎
road		n. 道路
street		n. 街道
traffic light		n. 紅綠燈
corner		n. 轉角
map		n. 地圖
near		adj. 近的
far		adj. 遠的
fast		adj. 快的
late		adj. 遲到的；晚的
drive		v. 開車
parking lot		n. 停車場
stop		n. 車站；停靠站
one-way		adj. 單程的
round trip		n. 來回
crosswalk		n. 斑馬線

## travel
trip		n. 旅行
travel		v. 旅行
hotel		n. 飯店
reservation		n. 預約
passport		n. 護照
luggage		n. 行李
suitcase		n. 行李箱
check in		phr. 辦理入住；報到
check out		phr. 退房
sightseeing		n. 觀光
photo		n. 照片
take a picture		phr. 拍照
beach		n. 海灘
sea		n. 海
mountain		n. 山
temple		n. 寺廟
museum		n. 博物館
park		n. 公園
famous		adj. 有名的
view		n. 風景；景色
beautiful		adj. 美麗的
fun		adj. 好玩的
tour		n. 旅遊；導覽
guide		n. 導遊
tourist		n. 觀光客
foreign		adj. 外國的
abroad		adv. 在國外
exchange money		phr. 換錢
stay		v. 停留；住宿
visit		v. 拜訪；參觀
see		v. 看見
go		v. 去
come		v. 來
get lost		phr. 迷路
help		v. 幫忙
where is the restroom?		phr. 洗手間在哪裡？
country		n. 國家
Taiwan		n. 台灣
festival		n. 節慶
holiday		n. 假期

## weather
weather		n. 天氣
sunny		adj. 晴朗的
rain		n. 雨
rainy		adj. 下雨的
snow		n. 雪
cloudy		adj. 多雲的；陰天的
wind		n. 風
windy		adj. 風大的
typhoon		n. 颱風
thunder		n. 雷
storm		n. 暴風雨
hot		adj. 熱的
cold		adj. 冷的
warm		adj. 溫暖的
cool		adj. 涼爽的
spring		n. 春天
summer		n. 夏天
fall		n. 秋天
winter		n. 冬天
season		n. 季節
weather forecast		n. 天氣預報
temperature		n. 溫度
degree		n. 度
sky		n. 天空
sun		n. 太陽
moon		n. 月亮
star		n. 星星
cloud		n. 雲
rainbow		n. 彩虹
fog		n. 霧
humid		adj. 潮濕的
dry		adj. 乾燥的
today		n. 今天
tomorrow		n. 明天
yesterday		n. 昨天
raincoat		n. 雨衣
cherry blossom		n. 櫻花
autumn leaves		n. 秋天的紅葉
freezing		adj. 極冷的
sweat		v. 流汗

## school
school		n. 學校
student		n. 學生
teacher		n. 老師
classroom		n. 教室
class		n. 課；班級
homework		n. 作業
test		n. 測驗
exam		n. 考試
study		v. 讀書；學習
teach		v. 教
learn		v. 學習
remember		v. 記得
forget		v. 忘記
question		n. 問題
answer		n. 答案
book		n. 書
notebook		n. 筆記本
pencil		n. 鉛筆
pen		n. 筆
eraser		n. 橡皮擦
dictionary		n. 字典
read		v. 讀
write		v. 寫
listen		v. 聽
speak		v. 說
word		n. 單字；字
meaning		n. 意思
university		n. 大學
library		n. 圖書館
break		n. 休息；下課時間
summer vacation		n. 暑假
grade		n. 成績；年級
score		n. 分數
pass		v. 通過；及格
difficult		adj. 困難的
easy		adj. 容易的
practice		v. 練習
explain		v. 解釋
graduate		v. 畢業
subject		n. 科目

## work
job		n. 工作
work		v. 工作
company		n. 公司
office		n. 辦公室
meeting		n. 會議
boss		n. 老闆；上司
coworker		n. 同事
manager		n. 經理
salary		n. 薪水
day off		n. 休假日
overtime		n. 加班
business trip		n. 出差
business card		n. 名片
call		v. 打電話
email		n. 電子郵件
computer		n. 電腦
document		n. 文件
report		n. 報告
deadline		n. 截止日期
schedule		n. 行程；時間表
appointment		n. 約會；預約
busy		adj. 忙碌的
free time		n. 空閒時間
part-time job		n. 打工；兼職
interview		n. 面試
experience		n. 經驗
hard-working		adj. 努力的
discuss		v. 討論
contact		v. 聯絡
check		v. 確認；檢查
prepare		v. 準備
start		v. 開始
finish		v. 完成；結束
on time		phr. 準時
commute		v. 通勤
client		n. 客戶
quit		v. 辭職；放棄
hire		v. 雇用
project		n. 專案；計畫
team		n. 團隊

## health
body		n. 身體
head		n. 頭
face		n. 臉
eye		n. 眼睛
ear		n. 耳朵
nose		n. 鼻子
mouth		n. 嘴巴
tooth		n. 牙齒
hand		n. 手
foot		n. 腳
leg		n. 腿
arm		n. 手臂
stomach		n. 胃；肚子
back		n. 背
throat		n. 喉嚨
hospital		n. 醫院
doctor		n. 醫生
nurse		n. 護理師
medicine		n. 藥
pharmacy		n. 藥局
sick		adj. 生病的
have a cold		phr. 感冒
fever		n. 發燒
cough		n. 咳嗽
hurt		v. 痛；受傷
headache		n. 頭痛
stomachache		n. 肚子痛
injury		n. 傷
feel		v. 感覺
tired		adj. 累的
get better		phr. 好轉；康復
health insurance		n. 健康保險
ambulance		n. 救護車
allergy		n. 過敏
shot		n. 打針
blood		n. 血
worry		v. 擔心
healthy		adj. 健康的
exercise		n. 運動
sleepy		adj. 想睡的
