# Topic word lists, Spanish — hand-written, edit directly.
# Columns (tab-separated): word (nouns with their article)	gender (m. / f., nouns only)	meaning (zh-TW)	meaning (en)
# "## <topic id>" starts a topic; order inside a topic = easy first.
# Spain's word comes first; a common Latin American one is noted in the meaning.

## greetings
hola		你好；嗨	hello; hi
buenos días		早安	good morning
buenas tardes		午安	good afternoon
buenas noches		晚安；晚上好	good evening; good night
adiós		再見	goodbye
hasta luego		待會見	see you later
hasta mañana		明天見	see you tomorrow
hasta pronto		回頭見	see you soon
gracias		謝謝	thank you
muchas gracias		非常感謝	thank you very much
de nada		不客氣	you're welcome
por favor		請	please
perdón		抱歉；不好意思	sorry; excuse me
lo siento		對不起	I'm sorry
disculpe		不好意思（請問）	excuse me
sí		是；對	yes
no		不；不是	no
¿Qué tal?		你好嗎？	how are you?
¿Cómo estás?		你好嗎？（對朋友）	how are you? (informal)
bien		好	well; fine
muy bien		很好	very well
mal		不好	bad; badly
encantado		很高興認識你（男性說）	pleased to meet you
encantada		很高興認識你（女性說）	pleased to meet you
mucho gusto		幸會	nice to meet you
bienvenido		歡迎	welcome
¿Cómo te llamas?		你叫什麼名字？	what's your name?
me llamo		我叫…	my name is
el nombre	m.	名字	name
el señor	m.	先生	Mr; sir
la señora	f.	太太；女士	Mrs; madam
la señorita	f.	小姐	Miss
el amigo	m.	朋友（男）	friend (male)
la amiga	f.	朋友（女）	friend (female)
de acuerdo		好的；同意	OK; agreed
vale		好；OK（西班牙）	OK (Spain)
claro		當然	of course
¡Felicidades!		恭喜！	congratulations!
¡Buen viaje!		一路順風！	have a good trip!
¡Salud!		乾杯！；保重！	cheers!; bless you!

## food
el desayuno	m.	早餐	breakfast
el almuerzo	m.	午餐	lunch
la cena	f.	晚餐	dinner
comer		吃	to eat
beber		喝	to drink
el agua	f.	水	water
el té	m.	茶	tea
la leche	f.	牛奶	milk
el café	m.	咖啡	coffee
el zumo	m.	果汁（拉美說 jugo）	juice
el pan	m.	麵包	bread
el arroz	m.	米飯	rice
los fideos	m.	麵條	noodles
la carne	f.	肉	meat
el pollo	m.	雞肉	chicken
la ternera	f.	牛肉	beef
el cerdo	m.	豬肉	pork
el pescado	m.	魚（食物）	fish (food)
la verdura	f.	蔬菜	vegetable
la fruta	f.	水果	fruit
el huevo	m.	蛋	egg
la sopa	f.	湯	soup
el postre	m.	甜點	dessert
el queso	m.	起司	cheese
la paella	f.	西班牙海鮮飯	paella
la cuchara	f.	湯匙	spoon
el tenedor	m.	叉子	fork
el cuchillo	m.	刀子	knife
el plato	m.	盤子；一道菜	plate; dish
la taza	f.	杯子（有把手）	cup
el vaso	m.	玻璃杯	glass
rico		好吃的	tasty
dulce		甜的	sweet
picante		辣的	spicy
salado		鹹的	salty
tener hambre		肚子餓	to be hungry
el restaurante	m.	餐廳	restaurant
la carta	f.	菜單	menu
pedir		點（餐）；要求	to order; to ask for
la cuenta	f.	帳單	the bill

## home
la casa	f.	房子；家	house; home
el piso	m.	公寓（西班牙）；樓層	flat; floor
la habitación	f.	房間	room
el dormitorio	m.	臥室	bedroom
la cocina	f.	廚房	kitchen
el baño	m.	浴室；廁所	bathroom; toilet
el salón	m.	客廳	living room
la puerta	f.	門	door
la ventana	f.	窗戶	window
la mesa	f.	桌子	table
la silla	f.	椅子	chair
la cama	f.	床	bed
el sofá	m.	沙發	sofa
el armario	m.	衣櫃	wardrobe
la lámpara	f.	檯燈	lamp
la luz	f.	燈；光	light
la televisión	f.	電視	television
el ordenador	m.	電腦（拉美說 computadora）	computer
el teléfono	m.	電話	telephone
la llave	f.	鑰匙	key
el espejo	m.	鏡子	mirror
la ducha	f.	淋浴	shower
el jardín	m.	花園	garden
la escalera	f.	樓梯	stairs
la pared	f.	牆壁	wall
el suelo	m.	地板	floor
el techo	m.	天花板；屋頂	ceiling; roof
el frigorífico	m.	冰箱（拉美說 refrigerador）	fridge
la lavadora	f.	洗衣機	washing machine
dormir		睡覺	to sleep
despertarse		醒來	to wake up
levantarse		起床	to get up
lavar		洗	to wash
limpiar		打掃	to clean
cocinar		做菜	to cook
abrir		打開	to open
cerrar		關上	to close
vivir		住；生活	to live
la familia	f.	家人；家庭	family
el vecino	m.	鄰居	neighbour

## shopping
comprar		買	to buy
vender		賣	to sell
la tienda	f.	商店	shop
el supermercado	m.	超市	supermarket
el mercado	m.	市場	market
el dinero	m.	錢	money
el precio	m.	價格	price
caro		貴的	expensive
barato		便宜的	cheap
¿Cuánto cuesta?		多少錢？	how much is it?
pagar		付錢	to pay
la tarjeta	f.	卡片；信用卡	card
el efectivo	m.	現金	cash
el euro	m.	歐元	euro
el cambio	m.	找零；零錢	change
el recibo	m.	收據	receipt
la bolsa	f.	袋子	bag
la ropa	f.	衣服	clothes
la camisa	f.	襯衫	shirt
la camiseta	f.	T恤	T-shirt
los pantalones	m.	褲子	trousers
la falda	f.	裙子	skirt
el vestido	m.	洋裝	dress
el abrigo	m.	大衣	coat
los zapatos	m.	鞋子	shoes
el sombrero	m.	帽子	hat
la talla	f.	尺寸	size
grande		大的	big
pequeño		小的	small
probarse		試穿	to try on
el probador	m.	試衣間	fitting room
las rebajas	f.	特價；折扣季	sales
abierto		開著的；營業中	open
cerrado		關著的；打烊	closed
el regalo	m.	禮物	present
el cliente	m.	顧客	customer
el dependiente	m.	店員	shop assistant
la caja	f.	收銀台；盒子	checkout; box
devolver		退貨；歸還	to return
buscar		找	to look for

## transport
el coche	m.	汽車（拉美說 carro / auto）	car
el autobús	m.	公車	bus
el tren	m.	火車	train
el metro	m.	地鐵	underground; metro
el taxi	m.	計程車	taxi
el avión	m.	飛機	plane
el barco	m.	船	boat
la bicicleta	f.	腳踏車	bicycle
la moto	f.	機車	motorbike
a pie		走路	on foot
la estación	f.	車站	station
la parada	f.	站牌；停靠站	stop
el aeropuerto	m.	機場	airport
el billete	m.	車票（拉美說 boleto）	ticket
el andén	m.	月台	platform
la salida	f.	出發；出口	departure; exit
la llegada	f.	抵達	arrival
el horario	m.	時刻表	timetable
el retraso	m.	誤點	delay
coger		搭（車）（西班牙）	to catch (a bus) (Spain)
tomar		搭（車）；拿	to take
subir		上（車）；上去	to get on; to go up
bajar		下（車）；下去	to get off; to go down
conducir		開車	to drive
cambiar		換（車）；改變	to change
la calle	f.	街道	street
la carretera	f.	公路	road
el semáforo	m.	紅綠燈	traffic lights
el cruce	m.	十字路口	crossroads
a la derecha		往右	to the right
a la izquierda		往左	to the left
todo recto		直走	straight on
cerca		近	near
lejos		遠	far
rápido		快的	fast
lento		慢的	slow
el mapa	m.	地圖	map
el aparcamiento	m.	停車場	car park
el atasco	m.	塞車	traffic jam
el conductor	m.	司機	driver

## travel
viajar		旅行	to travel
el viaje	m.	旅行	trip
las vacaciones	f.	假期	holidays
el hotel	m.	飯店	hotel
la reserva	f.	預約；訂位	booking
reservar		預訂	to book
la maleta	f.	行李箱	suitcase
el pasaporte	m.	護照	passport
el visado	m.	簽證	visa
el turista	m.	觀光客	tourist
la oficina de turismo	f.	旅遊服務中心	tourist office
el museo	m.	博物館	museum
la playa	f.	海灘	beach
el mar	m.	海	sea
la montaña	f.	山	mountain
el río	m.	河	river
la ciudad	f.	城市	city
el pueblo	m.	村莊；小鎮	village; town
el país	m.	國家	country
el extranjero	m.	國外；外國人	abroad; foreigner
la foto	f.	照片	photo
el recuerdo	m.	紀念品；回憶	souvenir; memory
visitar		參觀；拜訪	to visit
la iglesia	f.	教堂	church
el castillo	m.	城堡	castle
la plaza	f.	廣場	square
el monumento	m.	紀念碑；古蹟	monument
la entrada	f.	門票；入口	ticket; entrance
la habitación doble	f.	雙人房	double room
la llave de la habitación	f.	房間鑰匙	room key
el desayuno incluido	m.	含早餐	breakfast included
la guía	f.	導遊；旅遊指南	guide; guidebook
perderse		迷路	to get lost
preguntar		問	to ask
¿Dónde está…?		…在哪裡？	where is…?
el camino	m.	路	way; path
el norte	m.	北	north
el sur	m.	南	south
el este	m.	東	east
el oeste	m.	西	west

## weather
el tiempo	m.	天氣；時間	weather; time
hace sol		出太陽	it's sunny
hace calor		天氣熱	it's hot
hace frío		天氣冷	it's cold
hace viento		颳風	it's windy
llover		下雨	to rain
la lluvia	f.	雨	rain
nevar		下雪	to snow
la nieve	f.	雪	snow
el sol	m.	太陽	sun
la nube	f.	雲	cloud
nublado		多雲的	cloudy
el viento	m.	風	wind
la tormenta	f.	暴風雨	storm
el trueno	m.	雷	thunder
la niebla	f.	霧	fog
el paraguas	m.	雨傘	umbrella
la temperatura	f.	溫度	temperature
el grado	m.	度	degree
caliente		熱的（東西）	hot (to the touch)
frío		冷的	cold
templado		溫暖的；溫和的	mild
húmedo		潮濕的	humid
seco		乾燥的	dry
la primavera	f.	春天	spring
el verano	m.	夏天	summer
el otoño	m.	秋天	autumn
el invierno	m.	冬天	winter
la estación del año	f.	季節	season
el cielo	m.	天空	sky
el arcoíris	m.	彩虹	rainbow
el pronóstico	m.	天氣預報	forecast
el tifón	m.	颱風	typhoon
el terremoto	m.	地震	earthquake
mojado		濕的	wet
el clima	m.	氣候	climate
la ola de calor	f.	熱浪	heatwave
despejado		晴朗的	clear
llueve		在下雨	it's raining
nieva		在下雪	it's snowing

## school
la escuela	f.	學校	school
el colegio	m.	學校（中小學）	school
la universidad	f.	大學	university
la clase	f.	課；班級；教室	class; classroom
el profesor	m.	老師（男）	teacher (male)
la profesora	f.	老師（女）	teacher (female)
el estudiante	m.	學生	student
el alumno	m.	學生（中小學）	pupil
estudiar		讀書；學習	to study
aprender		學	to learn
enseñar		教	to teach
el libro	m.	書	book
el cuaderno	m.	筆記本	notebook
el bolígrafo	m.	原子筆	pen
el lápiz	m.	鉛筆	pencil
la goma	f.	橡皮擦	rubber; eraser
la mochila	f.	背包	backpack
la pizarra	f.	黑板	blackboard
el diccionario	m.	字典	dictionary
la pregunta	f.	問題（提問）	question
la respuesta	f.	回答	answer
el examen	m.	考試	exam
los deberes	m.	作業	homework
la nota	f.	成績；筆記	mark; note
aprobar		及格；通過	to pass
suspender		不及格（西班牙）	to fail (Spain)
leer		讀	to read
escribir		寫	to write
escuchar		聽	to listen
hablar		說	to speak
repetir		重複	to repeat
entender		懂	to understand
la lengua	f.	語言；舌頭	language; tongue
el idioma	m.	語言	language
la palabra	f.	字；單字	word
la frase	f.	句子	sentence
el ejercicio	m.	練習	exercise
la biblioteca	f.	圖書館	library
el recreo	m.	下課時間	break
difícil		難的	difficult

## work
el trabajo	m.	工作	work; job
trabajar		工作	to work
la oficina	f.	辦公室	office
la empresa	f.	公司	company
el jefe	m.	老闆；上司	boss
el compañero	m.	同事；同學	colleague
el empleado	m.	員工	employee
la reunión	f.	會議	meeting
el ordenador portátil	m.	筆記型電腦	laptop
el correo electrónico	m.	電子郵件	email
el horario de trabajo	m.	上班時間	working hours
el sueldo	m.	薪水	salary
la entrevista	f.	面試	interview
el currículum	m.	履歷	CV
buscar trabajo		找工作	to look for a job
el cliente	m.	客戶	client
el proyecto	m.	計畫；專案	project
el informe	m.	報告	report
la llamada	f.	通話；電話	phone call
llamar		打電話；叫	to call
enviar		寄；傳送	to send
terminar		完成；結束	to finish
empezar		開始	to start
ocupado		忙的	busy
libre		有空的；自由的	free
las horas extra	f.	加班	overtime
el médico	m.	醫生	doctor
el enfermero	m.	護理師	nurse
el abogado	m.	律師	lawyer
el ingeniero	m.	工程師	engineer
el cocinero	m.	廚師	cook
el camarero	m.	服務生	waiter
el vendedor	m.	銷售員	salesperson
el policía	m.	警察	police officer
el funcionario	m.	公務員	civil servant
la jubilación	f.	退休	retirement
el contrato	m.	合約	contract
firmar		簽名	to sign
la pausa	f.	休息時間	break
el éxito	m.	成功	success

## health
la salud	f.	健康	health
el cuerpo	m.	身體	body
la cabeza	f.	頭	head
el ojo	m.	眼睛	eye
la oreja	f.	耳朵	ear
la nariz	f.	鼻子	nose
la boca	f.	嘴巴	mouth
el diente	m.	牙齒	tooth
la garganta	f.	喉嚨	throat
el brazo	m.	手臂	arm
la mano	f.	手	hand
la pierna	f.	腿	leg
el pie	m.	腳	foot
la espalda	f.	背	back
el estómago	m.	胃	stomach
el corazón	m.	心臟	heart
enfermo		生病的	ill
cansado		累的	tired
el dolor	m.	痛	pain
me duele		我…痛	it hurts (me)
la fiebre	f.	發燒	fever
la tos	f.	咳嗽	cough
el resfriado	m.	感冒	cold
la gripe	f.	流感	flu
el médico	m.	醫生	doctor
el hospital	m.	醫院	hospital
la farmacia	f.	藥局	pharmacy
el medicamento	m.	藥	medicine
la pastilla	f.	藥丸	pill
la receta	f.	處方；食譜	prescription; recipe
la cita	f.	預約（看診）	appointment
la ambulancia	f.	救護車	ambulance
la urgencia	f.	急診；緊急情況	emergency
descansar		休息	to rest
curarse		痊癒	to get better
el seguro médico	m.	醫療保險	health insurance
hacer deporte		運動	to do sport
sano		健康的	healthy
la alergia	f.	過敏	allergy
¡Que te mejores!		早日康復！	get well soon!
