# Topic word lists, French — hand-written, edit directly.
# Columns (tab-separated): word (nouns with their article)	gender (m. / f., nouns only)	meaning (zh-TW)	meaning (en)
# "## <topic id>" starts a topic; order inside a topic = easy first.

## greetings
bonjour		你好；早安	hello; good morning
salut		嗨；掰掰	hi; bye
bonsoir		晚上好	good evening
bonne nuit		晚安	good night
au revoir		再見	goodbye
à bientôt		回頭見	see you soon
à demain		明天見	see you tomorrow
à plus tard		待會見	see you later
merci		謝謝	thank you
merci beaucoup		非常感謝	thank you very much
de rien		不客氣	you're welcome
pardon		對不起；不好意思	sorry; excuse me
excusez-moi		打擾一下；不好意思	excuse me
désolé		抱歉的	sorry
s'il vous plaît		請（禮貌）	please (formal)
s'il te plaît		請（對熟人）	please (informal)
oui		是；對	yes
non		不；不是	no
enchanté		幸會；很高興認識你	nice to meet you
comment allez-vous ?		您好嗎？	how are you? (formal)
ça va ?		還好嗎？	how's it going?
ça va bien		我很好	I'm fine
bienvenue		歡迎	welcome
félicitations		恭喜	congratulations
joyeux anniversaire		生日快樂	happy birthday
bonne chance		祝你好運	good luck
bonne journée		祝你有美好的一天	have a nice day
bon appétit		用餐愉快；開動了	enjoy your meal
pas de problème		沒問題	no problem
bien sûr		當然	of course
d'accord		好的；同意	okay; agreed
je comprends		我懂了	I understand
comment ?		什麼？（請再說一次）	pardon?
je m'appelle…		我叫……	my name is…
le nom	m.	名字	name
l'ami	m.	朋友（男）	friend (male)
l'amie	f.	朋友（女）	friend (female)
monsieur	m.	先生	Mr.; sir
madame	f.	女士；太太	Mrs.; madam
mademoiselle	f.	小姐	Miss

## food
le petit-déjeuner	m.	早餐	breakfast
le déjeuner	m.	午餐	lunch
le dîner	m.	晚餐	dinner
manger		吃	to eat
boire		喝	to drink
l'eau	f.	水	water
le thé	m.	茶	tea
le lait	m.	牛奶	milk
le café	m.	咖啡	coffee
le jus	m.	果汁	juice
le pain	m.	麵包	bread
le riz	m.	米飯	rice
les nouilles	f.	麵條	noodles
la viande	f.	肉	meat
le poulet	m.	雞肉	chicken
le bœuf	m.	牛肉	beef
le porc	m.	豬肉	pork
le poisson	m.	魚	fish
le légume	m.	蔬菜	vegetable
le fruit	m.	水果	fruit
l'œuf	m.	蛋	egg
la soupe	f.	湯	soup
le dessert	m.	甜點	dessert
le fromage	m.	起司	cheese
le croissant	m.	可頌	croissant
la cuillère	f.	湯匙	spoon
la fourchette	f.	叉子	fork
le couteau	m.	刀子	knife
l'assiette	f.	盤子	plate
la tasse	f.	杯子（有把手）	cup
le verre	m.	玻璃杯	glass
délicieux		好吃的	delicious
sucré		甜的	sweet
épicé		辣的	spicy
salé		鹹的	salty
avoir faim		肚子餓	to be hungry
le restaurant	m.	餐廳	restaurant
la carte	f.	菜單	menu
commander		點（餐）	to order
l'addition	f.	帳單	the bill

## home
la maison	f.	房子；家	house
l'appartement	m.	公寓	apartment
la chambre	f.	臥室；房間	bedroom
la cuisine	f.	廚房；料理	kitchen; cooking
la salle de bains	f.	浴室	bathroom
le salon	m.	客廳	living room
les toilettes	f.	廁所	toilet
le lit	m.	床	bed
le bureau	m.	書桌；辦公室	desk; office
la chaise	f.	椅子	chair
le canapé	m.	沙發	sofa
la table	f.	桌子	table
la fenêtre	f.	窗戶	window
la porte	f.	門	door
la clé	f.	鑰匙	key
la télévision	f.	電視	television
le frigo	m.	冰箱	fridge
la lumière	f.	燈；光	light
allumer		打開（燈、電器）	to turn on
éteindre		關掉（燈、電器）	to turn off
nettoyer		打掃；清潔	to clean
faire la lessive		洗衣服	to do the laundry
dormir		睡覺	to sleep
se lever		起床	to get up
se doucher		淋浴	to take a shower
se brosser les dents		刷牙	to brush one's teeth
s'habiller		穿衣服	to get dressed
les vêtements	m.	衣服	clothes
les chaussures	f.	鞋子	shoes
la poubelle	f.	垃圾桶	bin
jeter		丟掉	to throw away
la famille	f.	家人；家庭	family
le père	m.	父親	father
la mère	f.	母親	mother
le frère	m.	兄弟	brother
la sœur	f.	姊妹	sister
habiter		住	to live (somewhere)
le voisin	m.	鄰居	neighbour
le téléphone	m.	電話；手機	phone
le parapluie	m.	雨傘	umbrella

## shopping
acheter		買	to buy
vendre		賣	to sell
le magasin	m.	商店	shop
la boulangerie	f.	麵包店	bakery
l'argent	m.	錢	money
l'euro	m.	歐元	euro
combien ?		多少（錢）？	how much?
le prix	m.	價格	price
cher		貴的	expensive
bon marché		便宜的	cheap
le portefeuille	m.	錢包	wallet
les espèces	f.	現金	cash
la carte bancaire	f.	金融卡；信用卡	bank card
la monnaie	f.	零錢；找零	change
le ticket de caisse	m.	收據	receipt
le sac	m.	袋子；包包	bag
le supermarché	m.	超市	supermarket
le grand magasin	m.	百貨公司	department store
le marché	m.	市場	market
les soldes	m.	折扣季；特價	the sales
la réduction	f.	折扣	discount
la taille	f.	尺寸	size
la couleur	f.	顏色	colour
grand		大的	big
petit		小的	small
essayer		試穿；嘗試	to try (on)
payer		付錢	to pay
le client	m.	顧客	customer
la caisse	f.	收銀台	checkout
chercher		找	to look for
choisir		選擇	to choose
rendre		歸還	to give back
rembourser		退款	to refund
nouveau		新的	new
le cadeau	m.	禮物	gift
le souvenir	m.	紀念品；回憶	souvenir; memory
gratuit		免費的	free
ouvert		營業中；開著的	open
fermé		休息；關著的	closed
la boutique	f.	小店；精品店	boutique

## transport
le bus	m.	公車	bus
l'arrêt de bus	m.	公車站	bus stop
le train	m.	火車	train
la gare	f.	火車站	railway station
le métro	m.	地鐵；捷運	underground; metro
le taxi	m.	計程車	taxi
la voiture	f.	汽車	car
le vélo	m.	腳踏車	bicycle
la moto	f.	機車	motorbike
l'avion	m.	飛機	plane
l'aéroport	m.	機場	airport
marcher		走路	to walk
à pied		走路（去）	on foot
monter		上（車）；往上	to get on; to go up
descendre		下（車）；往下	to get off; to go down
changer		轉乘；改變	to change (trains)
le billet	m.	票	ticket
le quai	m.	月台	platform
la sortie	f.	出口	exit
l'entrée	f.	入口	entrance
à gauche		往左；在左邊	(on the) left
à droite		往右；在右邊	(on the) right
tout droit		直走	straight ahead
tourner		轉彎	to turn
la route	f.	道路	road
la rue	f.	街	street
le feu	m.	紅綠燈	traffic light
le coin	m.	轉角	corner
le plan	m.	地圖（城市）	map (of a town)
près		近	near
loin		遠	far
vite		快	fast
en retard		遲到	late
conduire		開車	to drive
le parking	m.	停車場	car park
s'arrêter		停下	to stop
l'aller simple	m.	單程票	one-way ticket
l'aller-retour	m.	來回票	return ticket
le passage piéton	m.	斑馬線	pedestrian crossing
le permis de conduire	m.	駕照	driving licence

## travel
le voyage	m.	旅行	trip
voyager		旅行	to travel
l'hôtel	m.	飯店	hotel
la réservation	f.	預約；訂位	reservation
réserver		預訂	to book
le passeport	m.	護照	passport
les bagages	m.	行李	luggage
la valise	f.	行李箱	suitcase
l'enregistrement	m.	報到（登機、入住）	check-in
le visa	m.	簽證	visa
visiter		參觀	to visit (a place)
la photo	f.	照片	photo
prendre une photo		拍照	to take a photo
la plage	f.	海灘	beach
la mer	f.	海	sea
la montagne	f.	山	mountain
l'église	f.	教堂	church
le musée	m.	博物館	museum
le parc	m.	公園	park
célèbre		有名的	famous
la vue	f.	景色；視野	view
beau		美麗的；帥的	beautiful
amusant		有趣的	fun
la visite guidée	f.	導覽	guided tour
le guide	m.	導遊；旅遊指南	guide
le touriste	m.	觀光客	tourist
étranger		外國的	foreign
à l'étranger		在國外	abroad
changer de l'argent		換錢	to exchange money
rester		停留	to stay
voir		看見	to see
aller		去	to go
venir		來	to come
se perdre		迷路	to get lost
aider		幫忙	to help
où sont les toilettes ?		廁所在哪裡？	where are the toilets?
le pays	m.	國家	country
la fête	f.	節慶；派對	festival; party
les vacances	f.	假期	holidays
l'office de tourisme	m.	旅客服務中心	tourist office

## weather
le temps	m.	天氣；時間	weather; time
il fait beau		天氣很好	the weather is nice
il fait chaud		天氣很熱	it's hot
il fait froid		天氣很冷	it's cold
le soleil	m.	太陽	sun
la pluie	f.	雨	rain
pleuvoir		下雨	to rain
la neige	f.	雪	snow
neiger		下雪	to snow
le nuage	m.	雲	cloud
nuageux		多雲的	cloudy
le vent	m.	風	wind
l'orage	m.	雷雨	thunderstorm
le tonnerre	m.	雷	thunder
la tempête	f.	暴風雨	storm
chaud		熱的	hot
froid		冷的	cold
doux		溫和的；柔軟的	mild; soft
frais		涼爽的；新鮮的	cool; fresh
le printemps	m.	春天	spring
l'été	m.	夏天	summer
l'automne	m.	秋天	autumn
l'hiver	m.	冬天	winter
la saison	f.	季節	season
la météo	f.	天氣預報	weather forecast
la température	f.	溫度	temperature
le degré	m.	度	degree
le ciel	m.	天空	sky
la lune	f.	月亮	moon
l'étoile	f.	星星	star
l'arc-en-ciel	m.	彩虹	rainbow
le brouillard	m.	霧	fog
humide		潮濕的	humid
sec		乾燥的	dry
aujourd'hui		今天	today
demain		明天	tomorrow
hier		昨天	yesterday
l'imperméable	m.	雨衣	raincoat
geler		結冰	to freeze
transpirer		流汗	to sweat

## school
l'école	f.	學校	school
l'élève	m.	學生（中小學）	pupil
l'étudiant	m.	大學生	student
le professeur	m.	老師	teacher
la salle de classe	f.	教室	classroom
le cours	m.	課	class; lesson
les devoirs	m.	作業	homework
le contrôle	m.	小考	test
l'examen	m.	考試	exam
étudier		讀書；研讀	to study
enseigner		教	to teach
apprendre		學習	to learn
se souvenir		記得	to remember
oublier		忘記	to forget
la question	f.	問題	question
la réponse	f.	回答；答案	answer
le livre	m.	書	book
le cahier	m.	筆記本	exercise book
le crayon	m.	鉛筆	pencil
le stylo	m.	原子筆	pen
la gomme	f.	橡皮擦	rubber; eraser
le dictionnaire	m.	字典	dictionary
lire		讀	to read
écrire		寫	to write
écouter		聽	to listen
parler		說	to speak
le mot	m.	單字	word
le sens	m.	意思	meaning
l'université	f.	大學	university
la bibliothèque	f.	圖書館	library
la récréation	f.	下課休息	break (at school)
les grandes vacances	f.	暑假	summer holidays
la note	f.	成績；筆記	mark; note
réussir		通過；成功	to pass; to succeed
difficile		難的	difficult
facile		簡單的	easy
l'exercice	m.	練習	exercise
expliquer		解釋	to explain
la matière	f.	科目	subject
le tableau	m.	黑板；圖畫	board; painting

## work
le travail	m.	工作	work; job
travailler		工作	to work
l'entreprise	f.	公司	company
la réunion	f.	會議	meeting
le patron	m.	老闆	boss
le collègue	m.	同事	colleague
le directeur	m.	經理；主管	manager; director
le salaire	m.	薪水	salary
le jour de congé	m.	休假日	day off
les heures supplémentaires	f.	加班	overtime
le voyage d'affaires	m.	出差	business trip
la carte de visite	f.	名片	business card
appeler		打電話；叫	to call
l'e-mail	m.	電子郵件	email
l'ordinateur	m.	電腦	computer
le document	m.	文件	document
le rapport	m.	報告	report
la date limite	f.	截止日期	deadline
l'emploi du temps	m.	時間表	schedule; timetable
le rendez-vous	m.	約會；預約	appointment
occupé		忙碌的	busy
le temps libre	m.	空閒時間	free time
le petit boulot	m.	打工	part-time job
l'entretien	m.	面試	interview
l'expérience	f.	經驗	experience
travailleur		勤奮的	hard-working
discuter		討論	to discuss
contacter		聯絡	to contact
vérifier		確認；檢查	to check
préparer		準備	to prepare
commencer		開始	to start
finir		結束；完成	to finish
à l'heure		準時	on time
démissionner		辭職	to resign; to quit
embaucher		僱用	to hire
le projet	m.	專案；計畫	project; plan
l'équipe	f.	團隊	team
le métier	m.	職業	profession
gagner		賺；贏	to earn; to win
le stage	m.	實習	internship

## health
le corps	m.	身體	body
la tête	f.	頭	head
le visage	m.	臉	face
l'œil	m.	眼睛（複數 les yeux）	eye
l'oreille	f.	耳朵	ear
le nez	m.	鼻子	nose
la bouche	f.	嘴巴	mouth
la dent	f.	牙齒	tooth
la main	f.	手	hand
le pied	m.	腳	foot
la jambe	f.	腿	leg
le bras	m.	手臂	arm
le ventre	m.	肚子	belly; stomach
le dos	m.	背	back
la gorge	f.	喉嚨	throat
l'hôpital	m.	醫院	hospital
le médecin	m.	醫生	doctor
l'infirmière	f.	護理師	nurse
le médicament	m.	藥	medicine
la pharmacie	f.	藥局	pharmacy
malade		生病的	ill; sick
le rhume	m.	感冒	cold
la fièvre	f.	發燒	fever
tousser		咳嗽	to cough
avoir mal		覺得痛	to be in pain
le mal de tête	m.	頭痛	headache
la blessure	f.	傷	injury
se sentir		覺得（身體狀況）	to feel
fatigué		累的	tired
guérir		痊癒；治好	to recover; to cure
l'assurance maladie	f.	健康保險	health insurance
l'ambulance	f.	救護車	ambulance
l'allergie	f.	過敏	allergy
la piqûre	f.	打針	injection
le sang	m.	血	blood
s'inquiéter		擔心	to worry
en bonne santé		健康的	healthy
faire du sport		運動	to do sport
avoir sommeil		想睡	to be sleepy
les urgences	f.	急診	A&E; emergency room
