# Topic word lists, Japanese — hand-written, edit directly.
# Columns (tab-separated): word	kana	meaning (zh-TW)	meaning (en)
# "## <topic id>" starts a topic; order inside a topic = easy first.

## greetings
こんにちは	こんにちは	你好	hello; good afternoon
おはようございます	おはようございます	早安	good morning
こんばんは	こんばんは	晚上好	good evening
おやすみなさい	おやすみなさい	晚安（睡前）	good night
さようなら	さようなら	再見	goodbye
ありがとうございます	ありがとうございます	謝謝	thank you
すみません	すみません	不好意思；對不起	excuse me; sorry
ごめんなさい	ごめんなさい	對不起	I'm sorry
はい	はい	是；好	yes
いいえ	いいえ	不是；不會	no
お願いします	おねがいします	拜託；麻煩你	please
どうぞ	どうぞ	請（用）	please; go ahead
はじめまして	はじめまして	初次見面	nice to meet you
よろしくお願いします	よろしくおねがいします	請多指教	I look forward to working with you
お元気ですか	おげんきですか	你好嗎	how are you?
元気	げんき	有精神；健康	well; energetic
また明日	またあした	明天見	see you tomorrow
じゃあね	じゃあね	拜拜	bye
いってきます	いってきます	我出門了	I'm off
いってらっしゃい	いってらっしゃい	路上小心	have a good day (to someone leaving)
ただいま	ただいま	我回來了	I'm home
おかえりなさい	おかえりなさい	歡迎回來	welcome home
大丈夫	だいじょうぶ	沒問題；沒事	all right; OK
どういたしまして	どういたしまして	不客氣	you're welcome
おめでとうございます	おめでとうございます	恭喜	congratulations
名前	なまえ	名字	name
私	わたし	我	I; me
あなた	あなた	你	you
友達	ともだち	朋友	friend
先生	せんせい	老師	teacher
お久しぶりです	おひさしぶりです	好久不見	long time no see
失礼します	しつれいします	打擾了	excuse me (entering or leaving)
お疲れ様です	おつかれさまです	辛苦了	thanks for your hard work
もしもし	もしもし	喂（講電話）	hello (on the phone)
分かりました	わかりました	我知道了	understood
分かりません	わかりません	我不懂	I don't understand
もう一度	もういちど	再一次	once more
ゆっくり	ゆっくり	慢慢地	slowly
本当	ほんとう	真的	true; really
そうですね	そうですね	對啊；是呢	that's right

## food
ご飯	ごはん	飯；餐	rice; meal
朝ご飯	あさごはん	早餐	breakfast
昼ご飯	ひるごはん	午餐	lunch
晩ご飯	ばんごはん	晚餐	dinner
食べる	たべる	吃	to eat
飲む	のむ	喝	to drink
水	みず	水	water
お茶	おちゃ	茶	tea
牛乳	ぎゅうにゅう	牛奶	milk
コーヒー	コーヒー	咖啡	coffee
パン	パン	麵包	bread
肉	にく	肉	meat
魚	さかな	魚	fish
野菜	やさい	蔬菜	vegetable
果物	くだもの	水果	fruit
卵	たまご	蛋	egg
お箸	おはし	筷子	chopsticks
スプーン	スプーン	湯匙	spoon
お皿	おさら	盤子	plate
おいしい	おいしい	好吃	delicious
まずい	まずい	難吃	bad-tasting
甘い	あまい	甜	sweet
辛い	からい	辣	spicy
しょっぱい	しょっぱい	鹹	salty
お腹が空く	おなかがすく	肚子餓	to get hungry
レストラン	レストラン	餐廳	restaurant
メニュー	メニュー	菜單	menu
注文	ちゅうもん	點餐；訂購	order
会計	かいけい	結帳	the bill; paying
いただきます	いただきます	開動了	said before eating
ごちそうさまでした	ごちそうさまでした	我吃飽了，謝謝招待	said after eating
料理	りょうり	料理；做菜	dish; cooking
作る	つくる	做	to make
お弁当	おべんとう	便當	boxed lunch
ラーメン	ラーメン	拉麵	ramen
寿司	すし	壽司	sushi
塩	しお	鹽	salt
砂糖	さとう	糖	sugar
お酒	おさけ	酒	alcohol; sake
おかわり	おかわり	再來一碗	a second helping

## home
家	いえ	家；房子	house; home
部屋	へや	房間	room
台所	だいどころ	廚房	kitchen
お風呂	おふろ	浴室；洗澡	bath
トイレ	トイレ	廁所	toilet
ベッド	ベッド	床	bed
机	つくえ	書桌	desk
椅子	いす	椅子	chair
窓	まど	窗戶	window
ドア	ドア	門	door
鍵	かぎ	鑰匙	key
テレビ	テレビ	電視	television
冷蔵庫	れいぞうこ	冰箱	refrigerator
洗濯	せんたく	洗衣服	laundry
掃除	そうじ	打掃	cleaning
寝る	ねる	睡覺	to sleep
起きる	おきる	起床	to get up
シャワー	シャワー	淋浴	shower
歯を磨く	はをみがく	刷牙	to brush one's teeth
着る	きる	穿（衣服）	to wear
服	ふく	衣服	clothes
靴	くつ	鞋子	shoes
電気	でんき	電；電燈	electricity; light
つける	つける	打開（電器）	to turn on
消す	けす	關掉	to turn off
ゴミ	ごみ	垃圾	trash
捨てる	すてる	丟掉	to throw away
家族	かぞく	家人	family
父	ちち	（我的）父親	(my) father
母	はは	（我的）母親	(my) mother
兄弟	きょうだい	兄弟姊妹	siblings
住む	すむ	住	to live
隣	となり	隔壁	next door
毎日	まいにち	每天	every day
朝	あさ	早上	morning
夜	よる	晚上	night
休む	やすむ	休息	to rest
携帯	けいたい	手機	mobile phone
時計	とけい	時鐘；手錶	clock; watch
傘	かさ	雨傘	umbrella

## shopping
買う	かう	買	to buy
売る	うる	賣	to sell
店	みせ	店	shop
お金	おかね	錢	money
円	えん	日圓	yen
いくら	いくら	多少錢	how much
高い	たかい	貴；高	expensive; tall
安い	やすい	便宜	cheap
財布	さいふ	錢包	wallet
レジ	レジ	收銀台	checkout counter
カード	カード	卡	card
現金	げんきん	現金	cash
お釣り	おつり	找的零錢	change
レシート	レシート	收據	receipt
袋	ふくろ	袋子	bag
スーパー	スーパー	超市	supermarket
コンビニ	コンビニ	便利商店	convenience store
デパート	デパート	百貨公司	department store
値段	ねだん	價格	price
セール	セール	特價	sale
割引	わりびき	折扣	discount
サイズ	サイズ	尺寸	size
色	いろ	顏色	colour
大きい	おおきい	大	big
小さい	ちいさい	小	small
試着	しちゃく	試穿	trying on
これ	これ	這個	this one
それ	それ	那個	that one
ください	ください	請給我	please give me
探す	さがす	找	to look for
選ぶ	えらぶ	選	to choose
払う	はらう	付錢	to pay
開く	あく	（門、店）開	to open
閉まる	しまる	（門、店）關	to close
営業中	えいぎょうちゅう	營業中	open for business
新しい	あたらしい	新	new
古い	ふるい	舊	old
お土産	おみやげ	伴手禮	souvenir
プレゼント	プレゼント	禮物	present
無料	むりょう	免費	free of charge

## transport
電車	でんしゃ	電車	train
駅	えき	車站	station
バス	バス	公車	bus
バス停	バスてい	公車站	bus stop
タクシー	タクシー	計程車	taxi
地下鉄	ちかてつ	地鐵	subway
新幹線	しんかんせん	新幹線	bullet train
飛行機	ひこうき	飛機	airplane
空港	くうこう	機場	airport
車	くるま	車	car
自転車	じてんしゃ	腳踏車	bicycle
歩く	あるく	走路	to walk
乗る	のる	搭乘	to ride
降りる	おりる	下車	to get off
乗り換える	のりかえる	轉乘	to transfer
切符	きっぷ	票	ticket
改札	かいさつ	剪票口	ticket gate
ホーム	ホーム	月台	platform
出口	でぐち	出口	exit
入口	いりぐち	入口	entrance
右	みぎ	右	right
左	ひだり	左	left
まっすぐ	まっすぐ	直直地	straight ahead
曲がる	まがる	轉彎	to turn
道	みち	路	road; way
信号	しんごう	紅綠燈	traffic light
交差点	こうさてん	十字路口	intersection
地図	ちず	地圖	map
近い	ちかい	近	near
遠い	とおい	遠	far
速い	はやい	快	fast
遅れる	おくれる	遲到；誤點	to be late
時刻表	じこくひょう	時刻表	timetable
運転	うんてん	駕駛	driving
駐車場	ちゅうしゃじょう	停車場	car park
止まる	とまる	停	to stop
急行	きゅうこう	快車	express train
終電	しゅうでん	末班電車	last train
片道	かたみち	單程	one way
往復	おうふく	來回	round trip

## travel
旅行	りょこう	旅行	trip; travel
ホテル	ホテル	飯店	hotel
予約	よやく	預約	reservation
パスポート	パスポート	護照	passport
荷物	にもつ	行李	luggage
スーツケース	スーツケース	行李箱	suitcase
チェックイン	チェックイン	入住	check-in
チェックアウト	チェックアウト	退房	check-out
観光	かんこう	觀光	sightseeing
写真	しゃしん	照片	photograph
撮る	とる	拍（照）	to take (a photo)
海	うみ	海	sea
山	やま	山	mountain
お寺	おてら	寺廟	temple
神社	じんじゃ	神社	shrine
温泉	おんせん	溫泉	hot spring
有名	ゆうめい	有名	famous
景色	けしき	風景	scenery
きれい	きれい	漂亮；乾淨	beautiful; clean
楽しい	たのしい	開心；好玩	fun
案内	あんない	導覽；指引	guidance; information
観光案内所	かんこうあんないじょ	旅遊服務中心	tourist information centre
外国	がいこく	外國	foreign country
外国人	がいこくじん	外國人	foreigner
両替	りょうがえ	換錢	currency exchange
旅館	りょかん	日式旅館	Japanese inn
泊まる	とまる	住宿	to stay overnight
部屋番号	へやばんごう	房號	room number
朝食	ちょうしょく	早餐	breakfast
入場料	にゅうじょうりょう	門票	admission fee
遊ぶ	あそぶ	玩	to play; to have fun
見る	みる	看	to see
行く	いく	去	to go
来る	くる	來	to come
帰る	かえる	回去	to go home
道に迷う	みちにまよう	迷路	to get lost
助けて	たすけて	救命	help!
トイレはどこですか	トイレはどこですか	廁所在哪裡？	where is the toilet?
日本	にほん	日本	Japan
台湾	たいわん	台灣	Taiwan

## weather
天気	てんき	天氣	weather
晴れ	はれ	晴天	sunny weather
雨	あめ	雨	rain
雪	ゆき	雪	snow
曇り	くもり	陰天	cloudy weather
風	かぜ	風	wind
台風	たいふう	颱風	typhoon
雷	かみなり	雷	thunder
暑い	あつい	（天氣）熱	hot (weather)
寒い	さむい	冷	cold
暖かい	あたたかい	溫暖	warm
涼しい	すずしい	涼爽	cool
春	はる	春天	spring
夏	なつ	夏天	summer
秋	あき	秋天	autumn
冬	ふゆ	冬天	winter
季節	きせつ	季節	season
天気予報	てんきよほう	天氣預報	weather forecast
気温	きおん	氣溫	temperature
度	ど	度	degree
空	そら	天空	sky
太陽	たいよう	太陽	sun
月	つき	月亮	moon
星	ほし	星星	star
雲	くも	雲	cloud
降る	ふる	（雨、雪）下	to fall (rain, snow)
止む	やむ	（雨）停	to stop (raining)
桜	さくら	櫻花	cherry blossom
紅葉	こうよう	紅葉	autumn leaves
梅雨	つゆ	梅雨	rainy season
湿気	しっけ	濕氣	humidity
虹	にじ	彩虹	rainbow
霧	きり	霧	fog
今日	きょう	今天	today
明日	あした	明天	tomorrow
昨日	きのう	昨天	yesterday
傘を差す	かさをさす	撐傘	to put up an umbrella
蒸し暑い	むしあつい	悶熱	hot and humid
晴れる	はれる	放晴	to clear up
寒さ	さむさ	寒冷	the cold

## school
学校	がっこう	學校	school
学生	がくせい	學生	student
教室	きょうしつ	教室	classroom
授業	じゅぎょう	課；上課	class; lesson
宿題	しゅくだい	作業	homework
試験	しけん	考試	exam
勉強	べんきょう	讀書；學習	study
教える	おしえる	教	to teach
習う	ならう	學	to learn
覚える	おぼえる	記住	to memorise
忘れる	わすれる	忘記	to forget
質問	しつもん	問題；提問	question
答え	こたえ	答案	answer
本	ほん	書	book
ノート	ノート	筆記本	notebook
鉛筆	えんぴつ	鉛筆	pencil
消しゴム	けしゴム	橡皮擦	eraser
辞書	じしょ	字典	dictionary
読む	よむ	讀	to read
書く	かく	寫	to write
聞く	きく	聽；問	to listen; to ask
話す	はなす	說	to speak
言葉	ことば	語言；詞語	word; language
漢字	かんじ	漢字	kanji
意味	いみ	意思	meaning
大学	だいがく	大學	university
図書館	としょかん	圖書館	library
休み時間	やすみじかん	下課時間	break between classes
夏休み	なつやすみ	暑假	summer holiday
クラス	クラス	班級	class
成績	せいせき	成績	grades
点	てん	分數	point; mark
合格	ごうかく	及格；考上	passing (an exam)
難しい	むずかしい	難	difficult
易しい	やさしい	簡單	easy
練習	れんしゅう	練習	practice
留学	りゅうがく	留學	studying abroad
黒板	こくばん	黑板	blackboard
説明	せつめい	說明	explanation
卒業	そつぎょう	畢業	graduation

## work
仕事	しごと	工作	work; job
会社	かいしゃ	公司	company
会社員	かいしゃいん	上班族	office worker
働く	はたらく	工作	to work
事務所	じむしょ	辦公室	office
会議	かいぎ	會議	meeting
上司	じょうし	上司	boss
同僚	どうりょう	同事	colleague
社長	しゃちょう	社長；總經理	company president
給料	きゅうりょう	薪水	salary
休み	やすみ	休假	day off
残業	ざんぎょう	加班	overtime
出張	しゅっちょう	出差	business trip
名刺	めいし	名片	business card
電話	でんわ	電話	telephone
メール	メール	電子郵件	email
パソコン	パソコン	電腦	computer
資料	しりょう	資料	materials
書類	しょるい	文件	documents
締め切り	しめきり	截止日期	deadline
予定	よてい	預定；行程	plan; schedule
約束	やくそく	約定	promise; appointment
忙しい	いそがしい	忙	busy
暇	ひま	有空	free time
アルバイト	アルバイト	打工	part-time job
面接	めんせつ	面試	interview
経験	けいけん	經驗	experience
頑張る	がんばる	加油；努力	to do one's best
相談	そうだん	商量	consultation
連絡	れんらく	聯絡	contact
確認	かくにん	確認	confirmation
準備	じゅんび	準備	preparation
始める	はじめる	開始	to begin
終わる	おわる	結束	to end
遅刻	ちこく	遲到	being late
通勤	つうきん	通勤	commuting
お客様	おきゃくさま	客人	customer
入社	にゅうしゃ	進公司	joining a company
辞める	やめる	辭職	to quit
営業	えいぎょう	業務；營業	sales; business

## health
体	からだ	身體	body
頭	あたま	頭	head
顔	かお	臉	face
目	め	眼睛	eye
耳	みみ	耳朵	ear
鼻	はな	鼻子	nose
口	くち	嘴巴	mouth
歯	は	牙齒	tooth
手	て	手	hand
足	あし	腳；腿	foot; leg
お腹	おなか	肚子	stomach; belly
背中	せなか	背	back
喉	のど	喉嚨	throat
病院	びょういん	醫院	hospital
医者	いしゃ	醫生	doctor
看護師	かんごし	護理師	nurse
薬	くすり	藥	medicine
薬局	やっきょく	藥局	pharmacy
病気	びょうき	生病	illness
風邪	かぜ	感冒	a cold
熱	ねつ	發燒	fever
咳	せき	咳嗽	cough
痛い	いたい	痛	painful
頭痛	ずつう	頭痛	headache
怪我	けが	受傷	injury
具合	ぐあい	（身體）狀況	condition
気分	きぶん	身體感覺；心情	feeling; mood
疲れる	つかれる	累	to get tired
治る	なおる	痊癒	to get better
診察	しんさつ	看診	medical examination
保険証	ほけんしょう	健保卡	health insurance card
救急車	きゅうきゅうしゃ	救護車	ambulance
アレルギー	アレルギー	過敏	allergy
注射	ちゅうしゃ	打針	injection
血	ち	血	blood
心配	しんぱい	擔心	worry
健康	けんこう	健康	health
運動	うんどう	運動	exercise
眠い	ねむい	想睡	sleepy
吐き気	はきけ	想吐	nausea
