# Topic word lists, Korean — hand-written, edit directly.
# Columns (tab-separated): word	reading (unused)	meaning (zh-TW)	meaning (en)
# "## <topic id>" starts a topic; order inside a topic = easy first.

## greetings
안녕하세요		你好	hello
안녕		嗨；掰掰（對朋友）	hi; bye (casual)
감사합니다		謝謝	thank you
고맙습니다		謝謝	thank you
미안합니다		對不起	I'm sorry
죄송합니다		非常抱歉	I apologise
괜찮아요		沒關係	it's okay
네		是；好	yes
아니요		不是	no
안녕히 가세요		再見（對要離開的人）	goodbye (to someone leaving)
안녕히 계세요		再見（對留下來的人）	goodbye (to someone staying)
처음 뵙겠습니다		初次見面	nice to meet you
만나서 반갑습니다		很高興認識你	pleased to meet you
잘 부탁드립니다		請多指教	I look forward to working with you
잘 지냈어요?		過得好嗎？	how have you been?
오랜만이에요		好久不見	long time no see
또 만나요		下次見	see you again
내일 봐요		明天見	see you tomorrow
잘 자요		晚安	good night
좋은 아침이에요		早安	good morning
축하합니다		恭喜	congratulations
천만에요		不客氣	you're welcome
실례합니다		打擾了；不好意思	excuse me
잠깐만요		請等一下	just a moment
여보세요		喂（講電話）	hello (on the phone)
알겠습니다		我知道了	understood
모르겠어요		我不知道	I don't know
다시 한번 말해 주세요		請再說一次	please say it again
천천히		慢慢地	slowly
이름		名字	name
저		我（謙稱）	I (polite)
친구		朋友	friend
선생님		老師	teacher
진짜		真的	really
그래요		是嗎；好啊	really?; okay
수고하셨습니다		辛苦了	thank you for your hard work
어서 오세요		歡迎光臨	welcome
반가워요		很高興見到你	nice to see you
좋아요		好；喜歡	good; I like it
화이팅		加油	you can do it!

## food
밥		飯；餐	rice; meal
아침		早餐；早上	breakfast; morning
점심		午餐	lunch
저녁		晚餐；傍晚	dinner; evening
먹다		吃	to eat
마시다		喝	to drink
물		水	water
차		茶	tea
우유		牛奶	milk
커피		咖啡	coffee
빵		麵包	bread
고기		肉	meat
생선		魚（食物）	fish (as food)
야채		蔬菜	vegetable
과일		水果	fruit
계란		蛋	egg
김치		泡菜	kimchi
라면		泡麵	instant noodles
젓가락		筷子	chopsticks
숟가락		湯匙	spoon
접시		盤子	plate
맛있다		好吃	delicious
맛없다		難吃	bad-tasting
달다		甜	sweet
맵다		辣	spicy
짜다		鹹	salty
배고프다		肚子餓	hungry
배부르다		吃飽	full
식당		餐廳	restaurant
메뉴		菜單	menu
주문		點餐	order
계산		結帳	the bill; paying
여기요		這裡！（叫服務生）	excuse me! (calling staff)
요리		料理；做菜	dish; cooking
소금		鹽	salt
설탕		糖	sugar
술		酒	alcohol
맥주		啤酒	beer
잘 먹겠습니다		我要開動了	said before eating
잘 먹었습니다		我吃飽了，謝謝	said after eating

## home
집		家；房子	house; home
방		房間	room
부엌		廚房	kitchen
화장실		廁所；浴室	toilet; bathroom
침대		床	bed
책상		書桌	desk
의자		椅子	chair
창문		窗戶	window
문		門	door
열쇠		鑰匙	key
텔레비전		電視	television
냉장고		冰箱	refrigerator
빨래		洗衣服	laundry
청소		打掃	cleaning
자다		睡覺	to sleep
일어나다		起床	to get up
샤워		淋浴	shower
씻다		洗	to wash
이를 닦다		刷牙	to brush one's teeth
입다		穿（衣服）	to wear
옷		衣服	clothes
신발		鞋子	shoes
불		燈；火	light; fire
켜다		打開（電器）	to turn on
끄다		關掉	to turn off
쓰레기		垃圾	trash
버리다		丟掉	to throw away
가족		家人	family
아버지		父親	father
어머니		母親	mother
형제		兄弟姊妹	siblings
살다		住；生活	to live
이웃		鄰居	neighbour
매일		每天	every day
밤		晚上	night
쉬다		休息	to rest
핸드폰		手機	mobile phone
시계		時鐘；手錶	clock; watch
우산		雨傘	umbrella
소파		沙發	sofa

## shopping
사다		買	to buy
팔다		賣	to sell
가게		店	shop
돈		錢	money
원		韓元	won
얼마예요?		多少錢？	how much is it?
비싸다		貴	expensive
싸다		便宜	cheap
지갑		錢包	wallet
카드		卡	card
현금		現金	cash
거스름돈		找的零錢	change
영수증		收據	receipt
봉투		袋子	bag
마트		超市	supermarket
편의점		便利商店	convenience store
백화점		百貨公司	department store
시장		市場	market
가격		價格	price
세일		特價	sale
할인		折扣	discount
사이즈		尺寸	size
색깔		顏色	colour
크다		大	big
작다		小	small
입어 보다		試穿	to try on
이거		這個	this one
그거		那個	that one
주세요		請給我	please give me
찾다		找	to look for
고르다		選	to choose
내다		付（錢）	to pay
교환		換貨	exchange
환불		退款	refund
새		新的	new
선물		禮物	present
기념품		紀念品	souvenir
무료		免費	free of charge
깎아 주세요		算便宜一點	please give me a discount
포장		包裝；外帶	wrapping; takeaway

## transport
지하철		地鐵	subway
역		車站	station
버스		公車	bus
정류장		公車站	bus stop
택시		計程車	taxi
기차		火車	train
비행기		飛機	airplane
공항		機場	airport
차		車	car
자전거		腳踏車	bicycle
걷다		走路	to walk
타다		搭乘	to ride
내리다		下車	to get off
갈아타다		轉乘	to transfer
표		票	ticket
교통카드		交通卡	transit card
출구		出口	exit
입구		入口	entrance
오른쪽		右邊	right
왼쪽		左邊	left
똑바로		直直地	straight ahead
돌다		轉彎	to turn
길		路	road; way
신호등		紅綠燈	traffic light
사거리		十字路口	intersection
지도		地圖	map
가깝다		近	near
멀다		遠	far
빠르다		快	fast
늦다		晚；遲到	late
시간표		時刻表	timetable
운전		駕駛	driving
주차장		停車場	car park
서다		停	to stop
막차		末班車	last train or bus
편도		單程	one way
왕복		來回	round trip
몇 호선		幾號線	which line?
건너다		過（馬路）	to cross
횡단보도		斑馬線	crosswalk

## travel
여행		旅行	trip; travel
호텔		飯店	hotel
예약		預約	reservation
여권		護照	passport
짐		行李	luggage
캐리어		行李箱	suitcase
체크인		入住	check-in
체크아웃		退房	check-out
관광		觀光	sightseeing
사진		照片	photograph
찍다		拍（照）	to take (a photo)
바다		海	sea
산		山	mountain
절		寺廟	temple
궁		宮殿	palace
유명하다		有名	to be famous
경치		風景	scenery
예쁘다		漂亮	pretty
재미있다		有趣；好玩	fun
안내		導覽；指引	guidance; information
관광 안내소		旅遊服務中心	tourist information centre
외국		外國	foreign country
외국인		外國人	foreigner
환전		換錢	currency exchange
숙소		住處	accommodation
묵다		住宿	to stay overnight
방 번호		房號	room number
입장료		門票	admission fee
놀다		玩	to play; to have fun
보다		看	to see
가다		去	to go
오다		來	to come
돌아가다		回去	to go back
길을 잃다		迷路	to get lost
도와주세요		請幫幫我	please help me
화장실이 어디예요?		廁所在哪裡？	where is the toilet?
한국		韓國	Korea
대만		台灣	Taiwan
구경		參觀；逛逛	looking around
축제		慶典	festival

## weather
날씨		天氣	weather
맑다		晴朗	clear; sunny
비		雨	rain
흐리다		陰天	cloudy
바람		風	wind
태풍		颱風	typhoon
천둥		雷	thunder
덥다		熱	hot
춥다		冷	cold
따뜻하다		溫暖	warm
시원하다		涼爽	cool
봄		春天	spring
여름		夏天	summer
가을		秋天	autumn
겨울		冬天	winter
계절		季節	season
일기예보		天氣預報	weather forecast
기온		氣溫	temperature
도		度	degree
하늘		天空	sky
해		太陽	sun
달		月亮	moon
별		星星	star
구름		雲	cloud
비가 오다		下雨	it rains
눈이 오다		下雪	it snows
그치다		（雨）停	to stop (raining)
날씨가 좋다		天氣很好	the weather is nice
벚꽃		櫻花	cherry blossom
단풍		楓葉	autumn leaves
장마		梅雨	rainy season
습하다		潮濕	humid
무지개		彩虹	rainbow
안개		霧	fog
오늘		今天	today
내일		明天	tomorrow
어제		昨天	yesterday
우산을 쓰다		撐傘	to use an umbrella
미세먼지		細懸浮微粒	fine dust
쌀쌀하다		有點冷	chilly

## school
학교		學校	school
학생		學生	student
교실		教室	classroom
수업		課；上課	class; lesson
숙제		作業	homework
시험		考試	exam
공부		讀書；學習	study
가르치다		教	to teach
배우다		學	to learn
외우다		背	to memorise
잊다		忘記	to forget
질문		問題；提問	question
대답		回答	answer
책		書	book
공책		筆記本	notebook
연필		鉛筆	pencil
지우개		橡皮擦	eraser
사전		字典	dictionary
읽다		讀	to read
쓰다		寫	to write
듣다		聽	to listen
말하다		說	to speak
단어		單字	word
한글		韓文字	Hangul
뜻		意思	meaning
대학교		大學	university
도서관		圖書館	library
쉬는 시간		下課時間	break between classes
방학		放假（寒暑假）	school vacation
반		班	class (group)
성적		成績	grades
점수		分數	score
합격		及格；考上	passing (an exam)
어렵다		難	difficult
쉽다		簡單	easy
연습		練習	practice
유학		留學	studying abroad
칠판		黑板	blackboard
설명		說明	explanation
졸업		畢業	graduation

## work
일		工作；事情	work
회사		公司	company
회사원		上班族	office worker
일하다		工作	to work
사무실		辦公室	office
회의		會議	meeting
상사		上司	boss
동료		同事	colleague
사장님		老闆	company president
월급		月薪	monthly salary
휴가		休假	vacation; leave
야근		加班	working late
출장		出差	business trip
명함		名片	business card
전화		電話	telephone
이메일		電子郵件	email
컴퓨터		電腦	computer
자료		資料	materials
서류		文件	documents
마감		截止	deadline
일정		行程	schedule
약속		約定	promise; appointment
바쁘다		忙	busy
한가하다		有空	free; not busy
아르바이트		打工	part-time job
면접		面試	interview
경험		經驗	experience
열심히		努力地	hard; diligently
상담		諮詢	consultation
연락		聯絡	contact
확인		確認	confirmation
준비		準備	preparation
시작하다		開始	to start
끝나다		結束	to end
지각		遲到	being late
출근		上班	going to work
퇴근		下班	leaving work
손님		客人	customer
그만두다		辭職；不做了	to quit
영업		業務；營業	sales; business

## health
몸		身體	body
머리		頭	head
얼굴		臉	face
눈		眼睛	eye
귀		耳朵	ear
코		鼻子	nose
입		嘴巴	mouth
이		牙齒	tooth
손		手	hand
발		腳	foot
다리		腿	leg
배		肚子	stomach; belly
등		背	back
목		脖子；喉嚨	neck; throat
병원		醫院	hospital
의사		醫生	doctor
간호사		護理師	nurse
약		藥	medicine
약국		藥局	pharmacy
병		病	illness
감기		感冒	a cold
열		發燒	fever
기침		咳嗽	cough
아프다		痛；不舒服	to hurt; to be sick
두통		頭痛	headache
다치다		受傷	to get hurt
몸살		全身痠痛	body aches
피곤하다		累	to be tired
낫다		痊癒	to get better
진찰		看診	medical examination
보험		保險	insurance
구급차		救護車	ambulance
알레르기		過敏	allergy
주사		打針	injection
피		血	blood
걱정		擔心	worry
건강		健康	health
운동		運動	exercise
졸리다		想睡	sleepy
토하다		吐	to vomit
