# Topic word lists, Russian — hand-written, edit directly.
# Columns (tab-separated): word	word with stress marks (shown as the reading)	meaning (zh-TW)	meaning (en)
# "## <topic id>" starts a topic; order inside a topic = easy first.

## greetings
привет	приве́т	嗨；你好	hi
здравствуйте	здра́вствуйте	您好	hello (formal)
доброе утро	до́брое у́тро	早安	good morning
добрый день	до́брый день	午安；你好	good afternoon
добрый вечер	до́брый ве́чер	晚上好	good evening
спокойной ночи	споко́йной но́чи	晚安	good night
до свидания	до свида́ния	再見	goodbye
пока	пока́	掰掰	bye
до встречи	до встре́чи	回頭見	see you
до завтра	до за́втра	明天見	see you tomorrow
спасибо	спаси́бо	謝謝	thank you
большое спасибо	большо́е спаси́бо	非常感謝	thank you very much
пожалуйста	пожа́луйста	請；不客氣	please; you're welcome
не за что	не́ за что	不客氣	don't mention it
извините	извини́те	對不起；不好意思	excuse me; sorry
простите	прости́те	請原諒	forgive me; sorry
да	да	是；對	yes
нет	нет	不；沒有	no
очень приятно	о́чень прия́тно	很高興認識你	nice to meet you
как дела?	как дела́?	你好嗎？	how are you?
хорошо	хорошо́	好	good; well
нормально	норма́льно	還好	okay; fine
давно не виделись	давно́ не ви́делись	好久不見	long time no see
добро пожаловать	добро́ пожа́ловать	歡迎	welcome
поздравляю	поздравля́ю	恭喜	congratulations
с днём рождения	с днём рожде́ния	生日快樂	happy birthday
удачи	уда́чи	祝你好運	good luck
всего хорошего	всего́ хоро́шего	一切順利	all the best
приятного аппетита	прия́тного аппети́та	用餐愉快	enjoy your meal
ничего страшного	ничего́ стра́шного	沒關係	it's okay; no problem
конечно	коне́чно	當然	of course
понятно	поня́тно	懂了；明白	I see
что?	что?	什麼？	what?
меня зовут…	меня́ зову́т…	我叫……	my name is…
имя	и́мя	名字	name
друг	друг	朋友	friend
подруга	подру́га	女性朋友	female friend
господин	господи́н	先生	Mr.; sir
госпожа	госпожа́	女士	Mrs.; madam
ладно	ла́дно	好吧	okay; all right

## food
завтрак	за́втрак	早餐	breakfast
обед	обе́д	午餐	lunch
ужин	у́жин	晚餐	dinner
есть	есть	吃	to eat
пить	пить	喝	to drink
вода	вода́	水	water
чай	чай	茶	tea
молоко	молоко́	牛奶	milk
кофе	ко́фе	咖啡	coffee
сок	сок	果汁	juice
хлеб	хлеб	麵包	bread
рис	рис	米；米飯	rice
лапша	лапша́	麵條	noodles
мясо	мя́со	肉	meat
курица	ку́рица	雞；雞肉	chicken
говядина	говя́дина	牛肉	beef
свинина	свини́на	豬肉	pork
рыба	ры́ба	魚	fish
овощи	о́вощи	蔬菜	vegetables
фрукты	фру́кты	水果	fruit
яйцо	яйцо́	蛋	egg
суп	суп	湯	soup
десерт	десе́рт	甜點	dessert
сыр	сыр	起司	cheese
каша	ка́ша	粥	porridge
ложка	ло́жка	湯匙	spoon
вилка	ви́лка	叉子	fork
нож	нож	刀子	knife
тарелка	таре́лка	盤子	plate
чашка	ча́шка	杯子	cup
стакан	стака́н	玻璃杯	glass
вкусный	вку́сный	好吃的	delicious
сладкий	сла́дкий	甜的	sweet
острый	о́стрый	辣的；尖的	spicy; sharp
солёный	солёный	鹹的	salty
голодный	голо́дный	餓的	hungry
ресторан	рестора́н	餐廳	restaurant
меню	меню́	菜單	menu
заказывать	зака́зывать	點（餐）；訂	to order
счёт	счёт	帳單	the bill

## home
дом	дом	房子；家	house; home
квартира	кварти́ра	公寓	flat; apartment
комната	ко́мната	房間	room
спальня	спа́льня	臥室	bedroom
кухня	ку́хня	廚房	kitchen
ванная	ва́нная	浴室	bathroom
гостиная	гости́ная	客廳	living room
туалет	туале́т	廁所	toilet
кровать	крова́ть	床	bed
стол	стол	桌子	table; desk
стул	стул	椅子	chair
диван	дива́н	沙發	sofa
окно	окно́	窗戶	window
дверь	дверь	門	door
ключ	ключ	鑰匙	key
телевизор	телеви́зор	電視	TV
холодильник	холоди́льник	冰箱	fridge
свет	свет	燈；光	light
включать	включа́ть	打開（電器）	to turn on
выключать	выключа́ть	關掉（電器）	to turn off
убирать	убира́ть	打掃；收拾	to tidy up
стирать	стира́ть	洗（衣服）	to wash (clothes)
спать	спать	睡覺	to sleep
вставать	встава́ть	起床	to get up
принимать душ	принима́ть душ	淋浴	to take a shower
чистить зубы	чи́стить зу́бы	刷牙	to brush one's teeth
одеваться	одева́ться	穿衣服	to get dressed
одежда	оде́жда	衣服	clothes
обувь	о́бувь	鞋子	shoes; footwear
мусор	му́сор	垃圾	rubbish; trash
выбрасывать	выбра́сывать	丟掉	to throw away
семья	семья́	家人；家庭	family
отец	оте́ц	父親	father
мать	мать	母親	mother
брат	брат	兄弟	brother
сестра	сестра́	姊妹	sister
жить	жить	住；生活	to live
сосед	сосе́д	鄰居	neighbour
телефон	телефо́н	電話；手機	phone
зонт	зонт	雨傘	umbrella

## shopping
покупать	покупа́ть	買	to buy
продавать	продава́ть	賣	to sell
магазин	магази́н	商店	shop
деньги	де́ньги	錢	money
рубль	рубль	盧布	rouble
сколько стоит?	ско́лько сто́ит?	多少錢？	how much is it?
цена	цена́	價格	price
дорогой	дорого́й	貴的	expensive
дешёвый	дешёвый	便宜的	cheap
кошелёк	кошелёк	錢包	wallet; purse
наличные	нали́чные	現金	cash
карта	ка́рта	卡片；地圖	card; map
сдача	сда́ча	找零	change
чек	чек	收據	receipt
пакет	паке́т	塑膠袋	plastic bag
сумка	су́мка	包包	bag; handbag
супермаркет	суперма́ркет	超市	supermarket
универмаг	универма́г	百貨公司	department store
рынок	ры́нок	市場	market
распродажа	распрода́жа	大拍賣	sale
скидка	ски́дка	折扣	discount
размер	разме́р	尺寸	size
цвет	цвет	顏色	colour
большой	большо́й	大的	big
маленький	ма́ленький	小的	small
примерять	примеря́ть	試穿	to try on
платить	плати́ть	付錢	to pay
покупатель	покупа́тель	顧客	customer
касса	ка́сса	收銀台	checkout
искать	иска́ть	找	to look for
выбирать	выбира́ть	選擇	to choose
возвращать	возвраща́ть	退還；歸還	to return
новый	но́вый	新的	new
подарок	пода́рок	禮物	gift
сувенир	сувени́р	紀念品	souvenir
бесплатно	беспла́тно	免費	free (of charge)
открыто	откры́то	營業中	open
закрыто	закры́то	休息中	closed
продавец	продаве́ц	店員	shop assistant
очередь	о́чередь	排隊的隊伍	queue

## transport
автобус	авто́бус	公車	bus
остановка	остано́вка	站牌；停靠站	stop
поезд	по́езд	火車	train
вокзал	вокза́л	火車站	railway station
метро	метро́	地鐵；捷運	underground; metro
такси	такси́	計程車	taxi
машина	маши́на	汽車	car
велосипед	велосипе́д	腳踏車	bicycle
мотоцикл	мотоци́кл	機車	motorbike
самолёт	самолёт	飛機	plane
аэропорт	аэропо́рт	機場	airport
идти пешком	идти́ пешко́м	走路去	to go on foot
ехать	е́хать	（搭車）去	to go (by vehicle)
садиться	сади́ться	上車；坐下	to get on; to sit down
выходить	выходи́ть	下車；出去	to get off; to go out
пересадка	переса́дка	轉乘	change (of trains)
билет	биле́т	票	ticket
платформа	платфо́рма	月台	platform
выход	вы́ход	出口	exit
вход	вход	入口	entrance
налево	нале́во	往左	to the left
направо	напра́во	往右	to the right
прямо	пря́мо	直走	straight ahead
поворачивать	повора́чивать	轉彎	to turn
дорога	доро́га	道路	road
улица	у́лица	街	street
светофор	светофо́р	紅綠燈	traffic light
угол	у́гол	轉角	corner
схема метро	схе́ма метро́	捷運路線圖	metro map
близко	бли́зко	近	near
далеко	далеко́	遠	far
быстро	бы́стро	快	fast
опаздывать	опа́здывать	遲到	to be late
водить машину	води́ть маши́ну	開車	to drive
парковка	парко́вка	停車場	car park
останавливаться	остана́вливаться	停下	to stop
в одну сторону	в одну́ сто́рону	單程	one way
туда и обратно	туда́ и обра́тно	來回	there and back
пешеходный переход	пешехо́дный перехо́д	斑馬線	pedestrian crossing
пробка	про́бка	塞車	traffic jam

## travel
путешествие	путеше́ствие	旅行	trip; journey
путешествовать	путеше́ствовать	旅行	to travel
гостиница	гости́ница	飯店	hotel
бронь	бронь	預訂	booking
бронировать	брони́ровать	預訂	to book
паспорт	па́спорт	護照	passport
багаж	бага́ж	行李	luggage
чемодан	чемода́н	行李箱	suitcase
регистрация	регистра́ция	報到；登記	check-in; registration
виза	ви́за	簽證	visa
экскурсия	экску́рсия	導覽；遊覽	excursion; tour
фотография	фотогра́фия	照片	photo
фотографировать	фотографи́ровать	拍照	to take photos
пляж	пляж	海灘	beach
море	мо́ре	海	sea
гора	гора́	山	mountain
храм	храм	寺廟；教堂	temple; church
музей	музе́й	博物館	museum
парк	парк	公園	park
известный	изве́стный	有名的	famous
вид	вид	景色；樣子	view; look
красивый	краси́вый	漂亮的	beautiful
интересный	интере́сный	有趣的	interesting
гид	гид	導遊	guide
турист	тури́ст	觀光客	tourist
иностранный	иностра́нный	外國的	foreign
за границей	за грани́цей	在國外	abroad
обменять деньги	обменя́ть де́ньги	換錢	to exchange money
остановиться	останови́ться	投宿；停下	to stay; to stop
смотреть	смотре́ть	看	to look; to watch
посещать	посеща́ть	參觀；拜訪	to visit
приезжать	приезжа́ть	到達；來	to arrive; to come
заблудиться	заблуди́ться	迷路	to get lost
помогать	помога́ть	幫忙	to help
где туалет?	где туале́т?	廁所在哪裡？	where is the toilet?
страна	страна́	國家	country
праздник	пра́здник	節日	holiday; festival
отпуск	о́тпуск	休假	leave; vacation
каникулы	кани́кулы	（學校的）假期	school holidays
достопримечательность	достопримеча́тельность	名勝	sight; landmark

## weather
погода	пого́да	天氣	weather
солнце	со́лнце	太陽	sun
солнечно	со́лнечно	晴朗	sunny
дождь	дождь	雨	rain
идёт дождь	идёт дождь	正在下雨	it's raining
снег	снег	雪	snow
идёт снег	идёт снег	正在下雪	it's snowing
облако	о́блако	雲	cloud
облачно	о́блачно	多雲	cloudy
ветер	ве́тер	風	wind
ветрено	ве́трено	風大	windy
гроза	гроза́	雷雨	thunderstorm
гром	гром	雷	thunder
буря	бу́ря	暴風雨	storm
жарко	жа́рко	熱	hot
холодно	хо́лодно	冷	cold
тепло	тепло́	溫暖	warm
прохладно	прохла́дно	涼爽	cool
весна	весна́	春天	spring
лето	ле́то	夏天	summer
осень	о́сень	秋天	autumn
зима	зима́	冬天	winter
время года	вре́мя го́да	季節	season
прогноз погоды	прогно́з пого́ды	天氣預報	weather forecast
температура	температу́ра	溫度；發燒	temperature
градус	гра́дус	度	degree
небо	не́бо	天空	sky
луна	луна́	月亮	moon
звезда	звезда́	星星	star
радуга	ра́дуга	彩虹	rainbow
туман	тума́н	霧	fog
влажно	вла́жно	潮濕	humid
сухо	су́хо	乾燥	dry
сегодня	сего́дня	今天	today
завтра	за́втра	明天	tomorrow
вчера	вчера́	昨天	yesterday
мороз	моро́з	嚴寒	frost
лёд	лёд	冰	ice
плащ	плащ	雨衣；風衣	raincoat
потеть	поте́ть	流汗	to sweat

## school
школа	шко́ла	學校	school
ученик	учени́к	學生（中小學）	pupil
студент	студе́нт	大學生	student
учитель	учи́тель	老師	teacher
класс	класс	教室；班級	classroom; class
урок	уро́к	課	lesson
домашнее задание	дома́шнее зада́ние	作業	homework
контрольная	контро́льная	小考	test
экзамен	экза́мен	考試	exam
учиться	учи́ться	讀書；上學	to study
учить	учи́ть	學；背	to learn (by heart)
преподавать	преподава́ть	教	to teach
помнить	по́мнить	記得	to remember
забывать	забыва́ть	忘記	to forget
вопрос	вопро́с	問題	question
ответ	отве́т	回答；答案	answer
книга	кни́га	書	book
тетрадь	тетра́дь	筆記本	exercise book
карандаш	каранда́ш	鉛筆	pencil
ручка	ру́чка	原子筆	pen
ластик	ла́стик	橡皮擦	rubber; eraser
словарь	слова́рь	字典	dictionary
читать	чита́ть	讀	to read
писать	писа́ть	寫	to write
слушать	слу́шать	聽	to listen
говорить	говори́ть	說	to speak
слово	сло́во	單字	word
значение	значе́ние	意思	meaning
университет	университе́т	大學	university
библиотека	библиоте́ка	圖書館	library
перемена	переме́на	下課休息	break (between lessons)
оценка	оце́нка	成績	mark; grade
сдать экзамен	сдать экза́мен	考試及格	to pass an exam
трудный	тру́дный	難的	difficult
лёгкий	лёгкий	簡單的；輕的	easy; light
упражнение	упражне́ние	練習	exercise
объяснять	объясня́ть	解釋	to explain
предмет	предме́т	科目；物品	subject; object
доска	доска́	黑板	board
понимать	понима́ть	理解	to understand

## work
работа	рабо́та	工作	work; job
работать	рабо́тать	工作	to work
компания	компа́ния	公司	company
офис	о́фис	辦公室	office
совещание	совеща́ние	會議	meeting
начальник	нача́льник	上司	boss
коллега	колле́га	同事	colleague
менеджер	ме́неджер	經理	manager
зарплата	зарпла́та	薪水	salary
выходной	выходно́й	休假日	day off
сверхурочно	сверхуро́чно	加班	overtime
командировка	командиро́вка	出差	business trip
визитка	визи́тка	名片	business card
звонить	звони́ть	打電話	to call
электронная почта	электро́нная по́чта	電子郵件	email
компьютер	компью́тер	電腦	computer
документ	докуме́нт	文件	document
отчёт	отчёт	報告	report
срок	срок	期限	deadline
расписание	расписа́ние	時間表	schedule; timetable
встреча	встре́ча	會面	meeting; appointment
занят	за́нят	忙的	busy
свободное время	свобо́дное вре́мя	空閒時間	free time
подработка	подрабо́тка	兼職；打工	part-time job
собеседование	собесе́дование	面試	job interview
опыт	о́пыт	經驗	experience
трудолюбивый	трудолюби́вый	勤奮的	hard-working
обсуждать	обсужда́ть	討論	to discuss
связаться	связа́ться	聯絡	to get in touch
проверять	проверя́ть	檢查	to check
готовить	гото́вить	準備；做飯	to prepare; to cook
начинать	начина́ть	開始	to start
заканчивать	зака́нчивать	結束	to finish
вовремя	во́время	準時	on time
клиент	клие́нт	客戶	client
увольняться	увольня́ться	辭職	to quit (a job)
нанимать	нанима́ть	僱用	to hire
проект	прое́кт	專案	project
команда	кома́нда	團隊	team
профессия	профе́ссия	職業	profession

## health
тело	те́ло	身體	body
голова	голова́	頭	head
лицо	лицо́	臉	face
глаз	глаз	眼睛	eye
ухо	у́хо	耳朵	ear
нос	нос	鼻子	nose
рот	рот	嘴巴	mouth
зуб	зуб	牙齒	tooth
рука	рука́	手；手臂	hand; arm
нога	нога́	腳；腿	foot; leg
живот	живо́т	肚子	stomach; belly
спина	спина́	背	back
горло	го́рло	喉嚨	throat
сердце	се́рдце	心臟	heart
больница	больни́ца	醫院	hospital
врач	врач	醫生	doctor
медсестра	медсестра́	護理師	nurse
лекарство	лека́рство	藥	medicine
аптека	апте́ка	藥局	pharmacy
больной	больно́й	生病的	ill; sick
простуда	просту́да	感冒	cold
жар	жар	發燒	fever
кашлять	ка́шлять	咳嗽	to cough
болеть	боле́ть	痛；生病	to hurt; to be ill
головная боль	головна́я боль	頭痛	headache
травма	тра́вма	受傷	injury
чувствовать себя	чу́вствовать себя́	覺得（身體狀況）	to feel
устать	уста́ть	累了	to get tired
выздоравливать	выздора́вливать	康復	to recover
страховка	страхо́вка	保險	insurance
скорая помощь	ско́рая по́мощь	救護車	ambulance
аллергия	аллерги́я	過敏	allergy
укол	уко́л	打針	injection
кровь	кровь	血	blood
волноваться	волнова́ться	擔心	to worry
здоровый	здоро́вый	健康的	healthy
заниматься спортом	занима́ться спо́ртом	運動	to do sport
хотеть спать	хоте́ть спать	想睡	to be sleepy
рецепт	реце́пт	處方；食譜	prescription; recipe
таблетка	табле́тка	藥丸	pill
