# Topic word lists, Chinese — hand-written, edit directly. Taiwan wording.
# Columns (tab-separated): traditional	pinyin (syllables separated by spaces)	meaning (en)	simplified (optional)
# Simplified is converted from traditional with OpenCC (tw2s, character by character)
# unless the 4th column gives it; bopomofo is converted from the pinyin.
# "## <topic id>" starts a topic; order inside a topic = easy first.

## greetings
你好	nǐ hǎo	hello
您好	nín hǎo	hello (polite)
早安	zǎo ān	good morning
午安	wǔ ān	good afternoon
晚安	wǎn ān	good night
再見	zài jiàn	goodbye
謝謝	xiè xie	thank you
不客氣	bù kè qi	you're welcome
對不起	duì bu qǐ	I'm sorry
沒關係	méi guān xi	it doesn't matter; that's OK
不好意思	bù hǎo yì si	excuse me; sorry
請	qǐng	please
請問	qǐng wèn	excuse me, may I ask…
是	shì	yes; to be
不是	bù shì	no; is not
好	hǎo	good; OK
好的	hǎo de	OK; sure
我	wǒ	I; me
你	nǐ	you
他	tā	he; him
她	tā	she; her
我們	wǒ men	we; us
名字	míng zi	name
叫	jiào	to be called
朋友	péng you	friend
老師	lǎo shī	teacher
先生	xiān sheng	Mr.; sir
小姐	xiǎo jiě	Miss; young lady
很高興認識你	hěn gāo xìng rèn shi nǐ	nice to meet you
你好嗎	nǐ hǎo ma	how are you?
我很好	wǒ hěn hǎo	I'm fine
好久不見	hǎo jiǔ bù jiàn	long time no see
歡迎	huān yíng	welcome
恭喜	gōng xǐ	congratulations
生日快樂	shēng rì kuài lè	happy birthday
加油	jiā yóu	come on!; you can do it!
慢走	màn zǒu	take care (to a guest leaving)
明天見	míng tiān jiàn	see you tomorrow
喂	wéi	hello (on the phone)
沒問題	méi wèn tí	no problem

## food
吃	chī	to eat
喝	hē	to drink
飯	fàn	rice; meal
早餐	zǎo cān	breakfast
午餐	wǔ cān	lunch
晚餐	wǎn cān	dinner
水	shuǐ	water
茶	chá	tea
咖啡	kā fēi	coffee
牛奶	niú nǎi	milk
果汁	guǒ zhī	juice
麵包	miàn bāo	bread
麵	miàn	noodles
米飯	mǐ fàn	cooked rice
肉	ròu	meat
雞肉	jī ròu	chicken (meat)
牛肉	niú ròu	beef
豬肉	zhū ròu	pork
魚	yú	fish
蔬菜	shū cài	vegetable
水果	shuǐ guǒ	fruit
雞蛋	jī dàn	egg
湯	tāng	soup
餃子	jiǎo zi	dumpling
筷子	kuài zi	chopsticks
湯匙	tāng chí	spoon
碗	wǎn	bowl
盤子	pán zi	plate
杯子	bēi zi	cup
好吃	hǎo chī	delicious
餓	è	hungry
飽	bǎo	full (after eating)
甜	tián	sweet
辣	là	spicy
鹹	xián	salty
餐廳	cān tīng	restaurant
菜單	cài dān	menu
點菜	diǎn cài	to order food
買單	mǎi dān	to pay the bill
外帶	wài dài	takeaway; to go

## home
家	jiā	home; family
房子	fáng zi	house
房間	fáng jiān	room
廚房	chú fáng	kitchen
浴室	yù shì	bathroom
廁所	cè suǒ	toilet
客廳	kè tīng	living room
床	chuáng	bed
桌子	zhuō zi	table; desk
椅子	yǐ zi	chair
沙發	shā fā	sofa
窗戶	chuāng hu	window
門	mén	door
鑰匙	yào shi	key
電視	diàn shì	television
冰箱	bīng xiāng	refrigerator
洗衣服	xǐ yī fu	to do the laundry
打掃	dǎ sǎo	to clean
睡覺	shuì jiào	to sleep
起床	qǐ chuáng	to get up
洗澡	xǐ zǎo	to take a bath or shower
刷牙	shuā yá	to brush one's teeth
穿	chuān	to wear
衣服	yī fu	clothes
鞋子	xié zi	shoes
燈	dēng	light; lamp
開	kāi	to open; to turn on
關	guān	to close; to turn off
垃圾	lā jī	trash
家人	jiā rén	family members
爸爸	bà ba	dad
媽媽	mā ma	mom
哥哥	gē ge	older brother
姊姊	jiě jie	older sister	姐姐
住	zhù	to live
鄰居	lín jū	neighbor
每天	měi tiān	every day
早上	zǎo shang	morning
晚上	wǎn shang	evening; night
手機	shǒu jī	mobile phone

## shopping
買	mǎi	to buy
賣	mài	to sell
商店	shāng diàn	shop
錢	qián	money
元	yuán	yuan (unit of money)
多少錢	duō shǎo qián	how much (money)?
貴	guì	expensive
便宜	pián yi	cheap
錢包	qián bāo	wallet
信用卡	xìn yòng kǎ	credit card
現金	xiàn jīn	cash
找錢	zhǎo qián	to give change
收據	shōu jù	receipt
袋子	dài zi	bag
超市	chāo shì	supermarket
便利商店	biàn lì shāng diàn	convenience store
百貨公司	bǎi huò gōng sī	department store
市場	shì chǎng	market
價格	jià gé	price
打折	dǎ zhé	to give a discount
特價	tè jià	special offer
尺寸	chǐ cùn	size
顏色	yán sè	colour
大	dà	big
小	xiǎo	small
試穿	shì chuān	to try on
這個	zhè ge	this one
那個	nà ge	that one
要	yào	to want
給	gěi	to give
找	zhǎo	to look for
選	xuǎn	to choose
付錢	fù qián	to pay
結帳	jié zhàng	to check out; to pay the bill
退貨	tuì huò	to return goods
新	xīn	new
舊	jiù	old (not new)
禮物	lǐ wù	gift
紀念品	jì niàn pǐn	souvenir
免費	miǎn fèi	free of charge

## transport
捷運	jié yùn	MRT; metro
地鐵	dì tiě	subway
公車	gōng chē	bus
公車站	gōng chē zhàn	bus stop
火車	huǒ chē	train
高鐵	gāo tiě	high-speed rail
車站	chē zhàn	station
計程車	jì chéng chē	taxi
汽車	qì chē	car
腳踏車	jiǎo tà chē	bicycle
機車	jī chē	scooter; motorcycle
飛機	fēi jī	airplane
機場	jī chǎng	airport
走路	zǒu lù	to walk
坐	zuò	to sit; to take (a bus, train…)
騎	qí	to ride (a bike, scooter…)
開車	kāi chē	to drive
上車	shàng chē	to get on
下車	xià chē	to get off
轉車	zhuǎn chē	to transfer
票	piào	ticket
月台	yuè tái	platform
出口	chū kǒu	exit
入口	rù kǒu	entrance
左邊	zuǒ biān	left
右邊	yòu biān	right
直走	zhí zǒu	to go straight
轉彎	zhuǎn wān	to turn
路	lù	road
紅綠燈	hóng lǜ dēng	traffic light
路口	lù kǒu	intersection
地圖	dì tú	map
近	jìn	near
遠	yuǎn	far
快	kuài	fast
慢	màn	slow
遲到	chí dào	to be late
停車場	tíng chē chǎng	parking lot
塞車	sāi chē	traffic jam
到	dào	to arrive

## travel
旅行	lǚ xíng	to travel; trip
飯店	fàn diàn	hotel
訂	dìng	to book; to reserve
護照	hù zhào	passport
行李	xíng li	luggage
行李箱	xíng li xiāng	suitcase
入住	rù zhù	to check in
退房	tuì fáng	to check out
觀光	guān guāng	sightseeing
照片	zhào piàn	photo
拍照	pāi zhào	to take photos
海	hǎi	sea
海邊	hǎi biān	beach; seaside
山	shān	mountain
廟	miào	temple
博物館	bó wù guǎn	museum
公園	gōng yuán	park
夜市	yè shì	night market
有名	yǒu míng	famous
風景	fēng jǐng	scenery
漂亮	piào liang	beautiful
好玩	hǎo wán	fun
導遊	dǎo yóu	tour guide
遊客	yóu kè	tourist
外國	wài guó	foreign country
外國人	wài guó rén	foreigner
換錢	huàn qián	to exchange money
參觀	cān guān	to visit (a place)
玩	wán	to play; to have fun
看	kàn	to look; to see
去	qù	to go
來	lái	to come
回家	huí jiā	to go home
迷路	mí lù	to get lost
救命	jiù mìng	help!
廁所在哪裡	cè suǒ zài nǎ lǐ	where is the toilet?
台灣	Tái wān	Taiwan
中國	Zhōng guó	China
地址	dì zhǐ	address
假期	jià qī	holiday

## weather
天氣	tiān qì	weather
晴天	qíng tiān	sunny day
下雨	xià yǔ	to rain
雨	yǔ	rain
下雪	xià xuě	to snow
雪	xuě	snow
陰天	yīn tiān	cloudy day
風	fēng	wind
颱風	tái fēng	typhoon
打雷	dǎ léi	to thunder
熱	rè	hot
冷	lěng	cold
溫暖	wēn nuǎn	warm
涼快	liáng kuai	cool
春天	chūn tiān	spring
夏天	xià tiān	summer
秋天	qiū tiān	autumn
冬天	dōng tiān	winter
季節	jì jié	season
天氣預報	tiān qì yù bào	weather forecast
溫度	wēn dù	temperature
度	dù	degree
天空	tiān kōng	sky
太陽	tài yáng	sun
月亮	yuè liang	moon
星星	xīng xing	star
雲	yún	cloud
彩虹	cǎi hóng	rainbow
霧	wù	fog
濕	shī	wet; humid
乾	gān	dry
今天	jīn tiān	today
明天	míng tiān	tomorrow
昨天	zuó tiān	yesterday
雨傘	yǔ sǎn	umbrella
雨衣	yǔ yī	raincoat
櫻花	yīng huā	cherry blossom
悶熱	mēn rè	hot and humid
出太陽	chū tài yáng	the sun comes out
氣候	qì hòu	climate

## school
學校	xué xiào	school
學生	xué sheng	student
同學	tóng xué	classmate
教室	jiào shì	classroom
上課	shàng kè	to attend class
下課	xià kè	class is over
功課	gōng kè	homework
考試	kǎo shì	exam
讀書	dú shū	to study
學	xué	to learn
教	jiāo	to teach
記得	jì de	to remember
忘記	wàng jì	to forget
問題	wèn tí	question; problem
回答	huí dá	to answer
書	shū	book
筆記本	bǐ jì běn	notebook
鉛筆	qiān bǐ	pencil
筆	bǐ	pen
橡皮擦	xiàng pí cā	eraser
字典	zì diǎn	dictionary
讀	dú	to read
寫	xiě	to write
聽	tīng	to listen
說	shuō	to speak
字	zì	character; word
意思	yì si	meaning
大學	dà xué	university
圖書館	tú shū guǎn	library
暑假	shǔ jià	summer vacation
寒假	hán jià	winter vacation
成績	chéng jì	grades
分數	fēn shù	score
及格	jí gé	to pass (an exam)
難	nán	difficult
容易	róng yì	easy
練習	liàn xí	to practise
中文	Zhōng wén	Chinese (language)
畢業	bì yè	to graduate
留學	liú xué	to study abroad

## work
工作	gōng zuò	work; job
公司	gōng sī	company
上班	shàng bān	to go to work
下班	xià bān	to get off work
辦公室	bàn gōng shì	office
開會	kāi huì	to have a meeting
老闆	lǎo bǎn	boss
同事	tóng shì	colleague
經理	jīng lǐ	manager
薪水	xīn shuǐ	salary
放假	fàng jià	to have a day off
加班	jiā bān	to work overtime
出差	chū chāi	to go on a business trip
名片	míng piàn	business card
電話	diàn huà	telephone
打電話	dǎ diàn huà	to make a phone call
電子郵件	diàn zǐ yóu jiàn	email
電腦	diàn nǎo	computer
文件	wén jiàn	document
報告	bào gào	report
截止日期	jié zhǐ rì qī	deadline
行程	xíng chéng	schedule; itinerary
約	yuē	to make an appointment
忙	máng	busy
有空	yǒu kòng	to be free
打工	dǎ gōng	to work part-time
面試	miàn shì	job interview
經驗	jīng yàn	experience
努力	nǔ lì	to work hard
討論	tǎo lùn	to discuss
聯絡	lián luò	to contact
確認	què rèn	to confirm
準備	zhǔn bèi	to prepare
開始	kāi shǐ	to start
結束	jié shù	to end
準時	zhǔn shí	on time
客戶	kè hù	client
辭職	cí zhí	to resign
專案	zhuān àn	project
團隊	tuán duì	team

## health
身體	shēn tǐ	body
頭	tóu	head
臉	liǎn	face
眼睛	yǎn jing	eye
耳朵	ěr duo	ear
鼻子	bí zi	nose
嘴巴	zuǐ ba	mouth
牙齒	yá chǐ	tooth
手	shǒu	hand
腳	jiǎo	foot
腿	tuǐ	leg
肚子	dù zi	belly
背	bèi	back
喉嚨	hóu lóng	throat
醫院	yī yuàn	hospital
醫生	yī shēng	doctor
護理師	hù lǐ shī	nurse
藥	yào	medicine
藥局	yào jú	pharmacy
生病	shēng bìng	to get sick
感冒	gǎn mào	a cold; to catch a cold
發燒	fā shāo	to have a fever
咳嗽	ké sou	to cough
痛	tòng	painful
頭痛	tóu tòng	headache
肚子痛	dù zi tòng	stomachache
受傷	shòu shāng	to get hurt
不舒服	bù shū fu	to feel unwell
累	lèi	tired
休息	xiū xi	to rest
看醫生	kàn yī shēng	to see a doctor
健保卡	jiàn bǎo kǎ	health insurance card
救護車	jiù hù chē	ambulance
過敏	guò mǐn	allergy
打針	dǎ zhēn	to get an injection
量體溫	liáng tǐ wēn	to take one's temperature
擔心	dān xīn	to worry
健康	jiàn kāng	healthy; health
運動	yùn dòng	exercise; sports
想睡	xiǎng shuì	sleepy
